Analysis & Synthesis report for fpga_matrix_8x8
Tue May 05 21:45:54 2026
Quartus Prime Version 17.1.0 Build 590 10/25/2017 SJ Lite Edition


---------------------
; Table of Contents ;
---------------------
  1. Legal Notice
  2. Analysis & Synthesis Summary
  3. Analysis & Synthesis Settings
  4. Parallel Compilation
  5. Analysis & Synthesis Source Files Read
  6. Analysis & Synthesis Resource Usage Summary
  7. Analysis & Synthesis Resource Utilization by Entity
  8. Analysis & Synthesis DSP Block Usage Summary
  9. State Machine - |fpga_matrix_8x8|fpga_matrix_core_no_uart:matrix0|state
 10. Registers Removed During Synthesis
 11. General Register Statistics
 12. Inverted Register Statistics
 13. Multiplexer Restructuring Statistics (Restructuring Performed)
 14. Parameter Settings for User Entity Instance: fpga_matrix_core_no_uart:matrix0
 15. Parameter Settings for Inferred Entity Instance: sevenseg_decimal_16_4digits:result_display|lpm_divide:Mod0
 16. Parameter Settings for Inferred Entity Instance: sevenseg_decimal_32_6digits:cycle_display|lpm_divide:Mod0
 17. Parameter Settings for Inferred Entity Instance: sevenseg_decimal_16_4digits:result_display|lpm_divide:Div0
 18. Parameter Settings for Inferred Entity Instance: sevenseg_decimal_16_4digits:result_display|lpm_divide:Mod1
 19. Parameter Settings for Inferred Entity Instance: sevenseg_decimal_32_6digits:cycle_display|lpm_divide:Div0
 20. Parameter Settings for Inferred Entity Instance: sevenseg_decimal_32_6digits:cycle_display|lpm_divide:Mod1
 21. Parameter Settings for Inferred Entity Instance: sevenseg_decimal_16_4digits:result_display|lpm_divide:Div1
 22. Parameter Settings for Inferred Entity Instance: sevenseg_decimal_16_4digits:result_display|lpm_divide:Mod2
 23. Parameter Settings for Inferred Entity Instance: sevenseg_decimal_32_6digits:cycle_display|lpm_divide:Div1
 24. Parameter Settings for Inferred Entity Instance: sevenseg_decimal_32_6digits:cycle_display|lpm_divide:Mod2
 25. Parameter Settings for Inferred Entity Instance: sevenseg_decimal_16_4digits:result_display|lpm_divide:Div2
 26. Parameter Settings for Inferred Entity Instance: sevenseg_decimal_16_4digits:result_display|lpm_divide:Mod3
 27. Parameter Settings for Inferred Entity Instance: sevenseg_decimal_32_6digits:cycle_display|lpm_divide:Div2
 28. Parameter Settings for Inferred Entity Instance: sevenseg_decimal_32_6digits:cycle_display|lpm_divide:Mod3
 29. Parameter Settings for Inferred Entity Instance: sevenseg_decimal_32_6digits:cycle_display|lpm_divide:Div3
 30. Parameter Settings for Inferred Entity Instance: sevenseg_decimal_32_6digits:cycle_display|lpm_divide:Mod4
 31. Parameter Settings for Inferred Entity Instance: sevenseg_decimal_32_6digits:cycle_display|lpm_divide:Div4
 32. Parameter Settings for Inferred Entity Instance: sevenseg_decimal_32_6digits:cycle_display|lpm_divide:Mod5
 33. Port Connectivity Checks: "sevenseg_decimal_32_6digits:cycle_display"
 34. Post-Synthesis Netlist Statistics for Top Partition
 35. Elapsed Time Per Partition
 36. Analysis & Synthesis Messages



----------------
; Legal Notice ;
----------------
Copyright (C) 2017  Intel Corporation. All rights reserved.
Your use of Intel Corporation's design tools, logic functions 
and other software and tools, and its AMPP partner logic 
functions, and any output files from any of the foregoing 
(including device programming or simulation files), and any 
associated documentation or information are expressly subject 
to the terms and conditions of the Intel Program License 
Subscription Agreement, the Intel Quartus Prime License Agreement,
the Intel FPGA IP License Agreement, or other applicable license
agreement, including, without limitation, that your use is for
the sole purpose of programming logic devices manufactured by
Intel and sold by Intel or its authorized distributors.  Please
refer to the applicable agreement for further details.



+-------------------------------------------------------------------------------+
; Analysis & Synthesis Summary                                                  ;
+---------------------------------+---------------------------------------------+
; Analysis & Synthesis Status     ; Successful - Tue May 05 21:45:54 2026       ;
; Quartus Prime Version           ; 17.1.0 Build 590 10/25/2017 SJ Lite Edition ;
; Revision Name                   ; fpga_matrix_8x8                             ;
; Top-level Entity Name           ; fpga_matrix_8x8                             ;
; Family                          ; Cyclone V                                   ;
; Logic utilization (in ALMs)     ; N/A                                         ;
; Total registers                 ; 2672                                        ;
; Total pins                      ; 67                                          ;
; Total virtual pins              ; 0                                           ;
; Total block memory bits         ; 0                                           ;
; Total DSP Blocks                ; 65                                          ;
; Total HSSI RX PCSs              ; 0                                           ;
; Total HSSI PMA RX Deserializers ; 0                                           ;
; Total HSSI TX PCSs              ; 0                                           ;
; Total HSSI PMA TX Serializers   ; 0                                           ;
; Total PLLs                      ; 0                                           ;
; Total DLLs                      ; 0                                           ;
+---------------------------------+---------------------------------------------+


+---------------------------------------------------------------------------------------------------------------------------+
; Analysis & Synthesis Settings                                                                                             ;
+---------------------------------------------------------------------------------+--------------------+--------------------+
; Option                                                                          ; Setting            ; Default Value      ;
+---------------------------------------------------------------------------------+--------------------+--------------------+
; Device                                                                          ; 5CGXFC7C7F23C8     ;                    ;
; Top-level entity name                                                           ; fpga_matrix_8x8    ; fpga_matrix_8x8    ;
; Family name                                                                     ; Cyclone V          ; Cyclone V          ;
; Use smart compilation                                                           ; Off                ; Off                ;
; Enable parallel Assembler and TimeQuest Timing Analyzer during compilation      ; On                 ; On                 ;
; Enable compact report table                                                     ; Off                ; Off                ;
; Restructure Multiplexers                                                        ; Auto               ; Auto               ;
; MLAB Add Timing Constraints For Mixed-Port Feed-Through Mode Setting Don't Care ; Off                ; Off                ;
; Create Debugging Nodes for IP Cores                                             ; Off                ; Off                ;
; Preserve fewer node names                                                       ; On                 ; On                 ;
; Intel FPGA IP Evaluation Mode                                                   ; Enable             ; Enable             ;
; Verilog Version                                                                 ; Verilog_2001       ; Verilog_2001       ;
; VHDL Version                                                                    ; VHDL_1993          ; VHDL_1993          ;
; State Machine Processing                                                        ; Auto               ; Auto               ;
; Safe State Machine                                                              ; Off                ; Off                ;
; Extract Verilog State Machines                                                  ; On                 ; On                 ;
; Extract VHDL State Machines                                                     ; On                 ; On                 ;
; Ignore Verilog initial constructs                                               ; Off                ; Off                ;
; Iteration limit for constant Verilog loops                                      ; 5000               ; 5000               ;
; Iteration limit for non-constant Verilog loops                                  ; 250                ; 250                ;
; Add Pass-Through Logic to Inferred RAMs                                         ; On                 ; On                 ;
; Infer RAMs from Raw Logic                                                       ; On                 ; On                 ;
; Parallel Synthesis                                                              ; On                 ; On                 ;
; DSP Block Balancing                                                             ; Auto               ; Auto               ;
; NOT Gate Push-Back                                                              ; On                 ; On                 ;
; Power-Up Don't Care                                                             ; On                 ; On                 ;
; Remove Redundant Logic Cells                                                    ; Off                ; Off                ;
; Remove Duplicate Registers                                                      ; On                 ; On                 ;
; Ignore CARRY Buffers                                                            ; Off                ; Off                ;
; Ignore CASCADE Buffers                                                          ; Off                ; Off                ;
; Ignore GLOBAL Buffers                                                           ; Off                ; Off                ;
; Ignore ROW GLOBAL Buffers                                                       ; Off                ; Off                ;
; Ignore LCELL Buffers                                                            ; Off                ; Off                ;
; Ignore SOFT Buffers                                                             ; On                 ; On                 ;
; Limit AHDL Integers to 32 Bits                                                  ; Off                ; Off                ;
; Optimization Technique                                                          ; Balanced           ; Balanced           ;
; Carry Chain Length                                                              ; 70                 ; 70                 ;
; Auto Carry Chains                                                               ; On                 ; On                 ;
; Auto Open-Drain Pins                                                            ; On                 ; On                 ;
; Perform WYSIWYG Primitive Resynthesis                                           ; Off                ; Off                ;
; Auto ROM Replacement                                                            ; On                 ; On                 ;
; Auto RAM Replacement                                                            ; On                 ; On                 ;
; Auto DSP Block Replacement                                                      ; On                 ; On                 ;
; Auto Shift Register Replacement                                                 ; Auto               ; Auto               ;
; Allow Shift Register Merging across Hierarchies                                 ; Auto               ; Auto               ;
; Auto Clock Enable Replacement                                                   ; On                 ; On                 ;
; Strict RAM Replacement                                                          ; Off                ; Off                ;
; Allow Synchronous Control Signals                                               ; On                 ; On                 ;
; Force Use of Synchronous Clear Signals                                          ; Off                ; Off                ;
; Auto Resource Sharing                                                           ; Off                ; Off                ;
; Allow Any RAM Size For Recognition                                              ; Off                ; Off                ;
; Allow Any ROM Size For Recognition                                              ; Off                ; Off                ;
; Allow Any Shift Register Size For Recognition                                   ; Off                ; Off                ;
; Use LogicLock Constraints during Resource Balancing                             ; On                 ; On                 ;
; Ignore translate_off and synthesis_off directives                               ; Off                ; Off                ;
; Timing-Driven Synthesis                                                         ; On                 ; On                 ;
; Report Parameter Settings                                                       ; On                 ; On                 ;
; Report Source Assignments                                                       ; On                 ; On                 ;
; Report Connectivity Checks                                                      ; On                 ; On                 ;
; Ignore Maximum Fan-Out Assignments                                              ; Off                ; Off                ;
; Synchronization Register Chain Length                                           ; 3                  ; 3                  ;
; Power Optimization During Synthesis                                             ; Normal compilation ; Normal compilation ;
; HDL message level                                                               ; Level2             ; Level2             ;
; Suppress Register Optimization Related Messages                                 ; Off                ; Off                ;
; Number of Removed Registers Reported in Synthesis Report                        ; 5000               ; 5000               ;
; Number of Swept Nodes Reported in Synthesis Report                              ; 5000               ; 5000               ;
; Number of Inverted Registers Reported in Synthesis Report                       ; 100                ; 100                ;
; Clock MUX Protection                                                            ; On                 ; On                 ;
; Auto Gated Clock Conversion                                                     ; Off                ; Off                ;
; Block Design Naming                                                             ; Auto               ; Auto               ;
; SDC constraint protection                                                       ; Off                ; Off                ;
; Synthesis Effort                                                                ; Auto               ; Auto               ;
; Shift Register Replacement - Allow Asynchronous Clear Signal                    ; On                 ; On                 ;
; Pre-Mapping Resynthesis Optimization                                            ; Off                ; Off                ;
; Analysis & Synthesis Message Level                                              ; Medium             ; Medium             ;
; Disable Register Merging Across Hierarchies                                     ; Auto               ; Auto               ;
; Resource Aware Inference For Block RAM                                          ; On                 ; On                 ;
; Automatic Parallel Synthesis                                                    ; On                 ; On                 ;
; Partial Reconfiguration Bitstream ID                                            ; Off                ; Off                ;
+---------------------------------------------------------------------------------+--------------------+--------------------+


+------------------------------------------+
; Parallel Compilation                     ;
+----------------------------+-------------+
; Processors                 ; Number      ;
+----------------------------+-------------+
; Number detected on machine ; 8           ;
; Maximum allowed            ; 4           ;
;                            ;             ;
; Average used               ; 1.00        ;
; Maximum used               ; 4           ;
;                            ;             ;
; Usage by Processor         ; % Time Used ;
;     Processor 1            ; 100.0%      ;
;     Processor 2            ;   0.1%      ;
;     Processor 3            ;   0.1%      ;
;     Processor 4            ;   0.0%      ;
+----------------------------+-------------+


+--------------------------------------------------------------------------------------------------------------------------------------------------------------------------+
; Analysis & Synthesis Source Files Read                                                                                                                                   ;
+----------------------------------+-----------------+------------------------------+----------------------------------------------------------------------------+---------+
; File Name with User-Entered Path ; Used in Netlist ; File Type                    ; File Name with Absolute Path                                               ; Library ;
+----------------------------------+-----------------+------------------------------+----------------------------------------------------------------------------+---------+
; fpga_matrix_8x8.v                ; yes             ; Auto-Found Verilog HDL File  ; C:/intelFPGA_lite/17.1/HPSFPGA/fpga_matrix_8x8.v                           ;         ;
; lpm_divide.tdf                   ; yes             ; Megafunction                 ; c:/intelfpga_lite/17.1/quartus/libraries/megafunctions/lpm_divide.tdf      ;         ;
; abs_divider.inc                  ; yes             ; Megafunction                 ; c:/intelfpga_lite/17.1/quartus/libraries/megafunctions/abs_divider.inc     ;         ;
; sign_div_unsign.inc              ; yes             ; Megafunction                 ; c:/intelfpga_lite/17.1/quartus/libraries/megafunctions/sign_div_unsign.inc ;         ;
; aglobal171.inc                   ; yes             ; Megafunction                 ; c:/intelfpga_lite/17.1/quartus/libraries/megafunctions/aglobal171.inc      ;         ;
; db/lpm_divide_n3m.tdf            ; yes             ; Auto-Generated Megafunction  ; C:/intelFPGA_lite/17.1/HPSFPGA/db/lpm_divide_n3m.tdf                       ;         ;
; db/sign_div_unsign_qlh.tdf       ; yes             ; Auto-Generated Megafunction  ; C:/intelFPGA_lite/17.1/HPSFPGA/db/sign_div_unsign_qlh.tdf                  ;         ;
; db/alt_u_div_qve.tdf             ; yes             ; Auto-Generated Megafunction  ; C:/intelFPGA_lite/17.1/HPSFPGA/db/alt_u_div_qve.tdf                        ;         ;
; db/lpm_divide_l3m.tdf            ; yes             ; Auto-Generated Megafunction  ; C:/intelFPGA_lite/17.1/HPSFPGA/db/lpm_divide_l3m.tdf                       ;         ;
; db/sign_div_unsign_olh.tdf       ; yes             ; Auto-Generated Megafunction  ; C:/intelFPGA_lite/17.1/HPSFPGA/db/sign_div_unsign_olh.tdf                  ;         ;
; db/alt_u_div_mve.tdf             ; yes             ; Auto-Generated Megafunction  ; C:/intelFPGA_lite/17.1/HPSFPGA/db/alt_u_div_mve.tdf                        ;         ;
; db/lpm_divide_kbm.tdf            ; yes             ; Auto-Generated Megafunction  ; C:/intelFPGA_lite/17.1/HPSFPGA/db/lpm_divide_kbm.tdf                       ;         ;
; db/lpm_divide_ibm.tdf            ; yes             ; Auto-Generated Megafunction  ; C:/intelFPGA_lite/17.1/HPSFPGA/db/lpm_divide_ibm.tdf                       ;         ;
; db/lpm_divide_nbm.tdf            ; yes             ; Auto-Generated Megafunction  ; C:/intelFPGA_lite/17.1/HPSFPGA/db/lpm_divide_nbm.tdf                       ;         ;
; db/sign_div_unsign_tlh.tdf       ; yes             ; Auto-Generated Megafunction  ; C:/intelFPGA_lite/17.1/HPSFPGA/db/sign_div_unsign_tlh.tdf                  ;         ;
; db/alt_u_div_00f.tdf             ; yes             ; Auto-Generated Megafunction  ; C:/intelFPGA_lite/17.1/HPSFPGA/db/alt_u_div_00f.tdf                        ;         ;
; db/lpm_divide_lbm.tdf            ; yes             ; Auto-Generated Megafunction  ; C:/intelFPGA_lite/17.1/HPSFPGA/db/lpm_divide_lbm.tdf                       ;         ;
; db/sign_div_unsign_rlh.tdf       ; yes             ; Auto-Generated Megafunction  ; C:/intelFPGA_lite/17.1/HPSFPGA/db/sign_div_unsign_rlh.tdf                  ;         ;
; db/alt_u_div_sve.tdf             ; yes             ; Auto-Generated Megafunction  ; C:/intelFPGA_lite/17.1/HPSFPGA/db/alt_u_div_sve.tdf                        ;         ;
; db/lpm_divide_1dm.tdf            ; yes             ; Auto-Generated Megafunction  ; C:/intelFPGA_lite/17.1/HPSFPGA/db/lpm_divide_1dm.tdf                       ;         ;
; db/sign_div_unsign_7nh.tdf       ; yes             ; Auto-Generated Megafunction  ; C:/intelFPGA_lite/17.1/HPSFPGA/db/sign_div_unsign_7nh.tdf                  ;         ;
; db/alt_u_div_k2f.tdf             ; yes             ; Auto-Generated Megafunction  ; C:/intelFPGA_lite/17.1/HPSFPGA/db/alt_u_div_k2f.tdf                        ;         ;
; db/lpm_divide_vcm.tdf            ; yes             ; Auto-Generated Megafunction  ; C:/intelFPGA_lite/17.1/HPSFPGA/db/lpm_divide_vcm.tdf                       ;         ;
; db/sign_div_unsign_5nh.tdf       ; yes             ; Auto-Generated Megafunction  ; C:/intelFPGA_lite/17.1/HPSFPGA/db/sign_div_unsign_5nh.tdf                  ;         ;
; db/alt_u_div_g2f.tdf             ; yes             ; Auto-Generated Megafunction  ; C:/intelFPGA_lite/17.1/HPSFPGA/db/alt_u_div_g2f.tdf                        ;         ;
; db/lpm_divide_3dm.tdf            ; yes             ; Auto-Generated Megafunction  ; C:/intelFPGA_lite/17.1/HPSFPGA/db/lpm_divide_3dm.tdf                       ;         ;
; db/sign_div_unsign_9nh.tdf       ; yes             ; Auto-Generated Megafunction  ; C:/intelFPGA_lite/17.1/HPSFPGA/db/sign_div_unsign_9nh.tdf                  ;         ;
; db/alt_u_div_o2f.tdf             ; yes             ; Auto-Generated Megafunction  ; C:/intelFPGA_lite/17.1/HPSFPGA/db/alt_u_div_o2f.tdf                        ;         ;
; db/lpm_divide_6dm.tdf            ; yes             ; Auto-Generated Megafunction  ; C:/intelFPGA_lite/17.1/HPSFPGA/db/lpm_divide_6dm.tdf                       ;         ;
; db/sign_div_unsign_cnh.tdf       ; yes             ; Auto-Generated Megafunction  ; C:/intelFPGA_lite/17.1/HPSFPGA/db/sign_div_unsign_cnh.tdf                  ;         ;
; db/alt_u_div_u2f.tdf             ; yes             ; Auto-Generated Megafunction  ; C:/intelFPGA_lite/17.1/HPSFPGA/db/alt_u_div_u2f.tdf                        ;         ;
+----------------------------------+-----------------+------------------------------+----------------------------------------------------------------------------+---------+


+--------------------------------------------------------------+
; Analysis & Synthesis Resource Usage Summary                  ;
+---------------------------------------------+----------------+
; Resource                                    ; Usage          ;
+---------------------------------------------+----------------+
; Estimate of Logic utilization (ALMs needed) ; 3829           ;
;                                             ;                ;
; Combinational ALUT usage for logic          ; 5801           ;
;     -- 7 input functions                    ; 1              ;
;     -- 6 input functions                    ; 490            ;
;     -- 5 input functions                    ; 76             ;
;     -- 4 input functions                    ; 983            ;
;     -- <=3 input functions                  ; 4251           ;
;                                             ;                ;
; Dedicated logic registers                   ; 2672           ;
;                                             ;                ;
; I/O pins                                    ; 67             ;
;                                             ;                ;
; Total DSP Blocks                            ; 65             ;
;                                             ;                ;
; Maximum fan-out node                        ; CLOCK_50~input ;
; Maximum fan-out                             ; 2672           ;
; Total fan-out                               ; 35476          ;
; Average fan-out                             ; 4.09           ;
+---------------------------------------------+----------------+


+---------------------------------------------------------------------------------------------------------------------------------------------------------------------------------------------------------------------------------------------------------------------------------------------------------------------------------------------------------------------+
; Analysis & Synthesis Resource Utilization by Entity                                                                                                                                                                                                                                                                                                                 ;
+-------------------------------------------------+---------------------+---------------------------+-------------------+------------+------+--------------+-------------------------------------------------------------------------------------------------------------------------------------------------------------+-----------------------------+--------------+
; Compilation Hierarchy Node                      ; Combinational ALUTs ; Dedicated Logic Registers ; Block Memory Bits ; DSP Blocks ; Pins ; Virtual Pins ; Full Hierarchy Name                                                                                                                                         ; Entity Name                 ; Library Name ;
+-------------------------------------------------+---------------------+---------------------------+-------------------+------------+------+--------------+-------------------------------------------------------------------------------------------------------------------------------------------------------------+-----------------------------+--------------+
; |fpga_matrix_8x8                                ; 5801 (72)           ; 2672 (27)                 ; 0                 ; 65         ; 67   ; 0            ; |fpga_matrix_8x8                                                                                                                                            ; fpga_matrix_8x8             ; work         ;
;    |fpga_matrix_core_no_uart:matrix0|           ; 592 (592)           ; 2645 (2645)               ; 0                 ; 65         ; 0    ; 0            ; |fpga_matrix_8x8|fpga_matrix_core_no_uart:matrix0                                                                                                           ; fpga_matrix_core_no_uart    ; work         ;
;    |sevenseg_decimal_16_4digits:result_display| ; 923 (0)             ; 0 (0)                     ; 0                 ; 0          ; 0    ; 0            ; |fpga_matrix_8x8|sevenseg_decimal_16_4digits:result_display                                                                                                 ; sevenseg_decimal_16_4digits ; work         ;
;       |lpm_divide:Div0|                         ; 137 (0)             ; 0 (0)                     ; 0                 ; 0          ; 0    ; 0            ; |fpga_matrix_8x8|sevenseg_decimal_16_4digits:result_display|lpm_divide:Div0                                                                                 ; lpm_divide                  ; work         ;
;          |lpm_divide_kbm:auto_generated|        ; 137 (0)             ; 0 (0)                     ; 0                 ; 0          ; 0    ; 0            ; |fpga_matrix_8x8|sevenseg_decimal_16_4digits:result_display|lpm_divide:Div0|lpm_divide_kbm:auto_generated                                                   ; lpm_divide_kbm              ; work         ;
;             |sign_div_unsign_qlh:divider|       ; 137 (0)             ; 0 (0)                     ; 0                 ; 0          ; 0    ; 0            ; |fpga_matrix_8x8|sevenseg_decimal_16_4digits:result_display|lpm_divide:Div0|lpm_divide_kbm:auto_generated|sign_div_unsign_qlh:divider                       ; sign_div_unsign_qlh         ; work         ;
;                |alt_u_div_qve:divider|          ; 137 (137)           ; 0 (0)                     ; 0                 ; 0          ; 0    ; 0            ; |fpga_matrix_8x8|sevenseg_decimal_16_4digits:result_display|lpm_divide:Div0|lpm_divide_kbm:auto_generated|sign_div_unsign_qlh:divider|alt_u_div_qve:divider ; alt_u_div_qve               ; work         ;
;       |lpm_divide:Div1|                         ; 174 (0)             ; 0 (0)                     ; 0                 ; 0          ; 0    ; 0            ; |fpga_matrix_8x8|sevenseg_decimal_16_4digits:result_display|lpm_divide:Div1                                                                                 ; lpm_divide                  ; work         ;
;          |lpm_divide_nbm:auto_generated|        ; 174 (0)             ; 0 (0)                     ; 0                 ; 0          ; 0    ; 0            ; |fpga_matrix_8x8|sevenseg_decimal_16_4digits:result_display|lpm_divide:Div1|lpm_divide_nbm:auto_generated                                                   ; lpm_divide_nbm              ; work         ;
;             |sign_div_unsign_tlh:divider|       ; 174 (0)             ; 0 (0)                     ; 0                 ; 0          ; 0    ; 0            ; |fpga_matrix_8x8|sevenseg_decimal_16_4digits:result_display|lpm_divide:Div1|lpm_divide_nbm:auto_generated|sign_div_unsign_tlh:divider                       ; sign_div_unsign_tlh         ; work         ;
;                |alt_u_div_00f:divider|          ; 174 (174)           ; 0 (0)                     ; 0                 ; 0          ; 0    ; 0            ; |fpga_matrix_8x8|sevenseg_decimal_16_4digits:result_display|lpm_divide:Div1|lpm_divide_nbm:auto_generated|sign_div_unsign_tlh:divider|alt_u_div_00f:divider ; alt_u_div_00f               ; work         ;
;       |lpm_divide:Div2|                         ; 164 (0)             ; 0 (0)                     ; 0                 ; 0          ; 0    ; 0            ; |fpga_matrix_8x8|sevenseg_decimal_16_4digits:result_display|lpm_divide:Div2                                                                                 ; lpm_divide                  ; work         ;
;          |lpm_divide_1dm:auto_generated|        ; 164 (0)             ; 0 (0)                     ; 0                 ; 0          ; 0    ; 0            ; |fpga_matrix_8x8|sevenseg_decimal_16_4digits:result_display|lpm_divide:Div2|lpm_divide_1dm:auto_generated                                                   ; lpm_divide_1dm              ; work         ;
;             |sign_div_unsign_7nh:divider|       ; 164 (0)             ; 0 (0)                     ; 0                 ; 0          ; 0    ; 0            ; |fpga_matrix_8x8|sevenseg_decimal_16_4digits:result_display|lpm_divide:Div2|lpm_divide_1dm:auto_generated|sign_div_unsign_7nh:divider                       ; sign_div_unsign_7nh         ; work         ;
;                |alt_u_div_k2f:divider|          ; 164 (164)           ; 0 (0)                     ; 0                 ; 0          ; 0    ; 0            ; |fpga_matrix_8x8|sevenseg_decimal_16_4digits:result_display|lpm_divide:Div2|lpm_divide_1dm:auto_generated|sign_div_unsign_7nh:divider|alt_u_div_k2f:divider ; alt_u_div_k2f               ; work         ;
;       |lpm_divide:Mod0|                         ; 141 (0)             ; 0 (0)                     ; 0                 ; 0          ; 0    ; 0            ; |fpga_matrix_8x8|sevenseg_decimal_16_4digits:result_display|lpm_divide:Mod0                                                                                 ; lpm_divide                  ; work         ;
;          |lpm_divide_n3m:auto_generated|        ; 141 (0)             ; 0 (0)                     ; 0                 ; 0          ; 0    ; 0            ; |fpga_matrix_8x8|sevenseg_decimal_16_4digits:result_display|lpm_divide:Mod0|lpm_divide_n3m:auto_generated                                                   ; lpm_divide_n3m              ; work         ;
;             |sign_div_unsign_qlh:divider|       ; 141 (0)             ; 0 (0)                     ; 0                 ; 0          ; 0    ; 0            ; |fpga_matrix_8x8|sevenseg_decimal_16_4digits:result_display|lpm_divide:Mod0|lpm_divide_n3m:auto_generated|sign_div_unsign_qlh:divider                       ; sign_div_unsign_qlh         ; work         ;
;                |alt_u_div_qve:divider|          ; 141 (141)           ; 0 (0)                     ; 0                 ; 0          ; 0    ; 0            ; |fpga_matrix_8x8|sevenseg_decimal_16_4digits:result_display|lpm_divide:Mod0|lpm_divide_n3m:auto_generated|sign_div_unsign_qlh:divider|alt_u_div_qve:divider ; alt_u_div_qve               ; work         ;
;       |lpm_divide:Mod1|                         ; 126 (0)             ; 0 (0)                     ; 0                 ; 0          ; 0    ; 0            ; |fpga_matrix_8x8|sevenseg_decimal_16_4digits:result_display|lpm_divide:Mod1                                                                                 ; lpm_divide                  ; work         ;
;          |lpm_divide_n3m:auto_generated|        ; 126 (0)             ; 0 (0)                     ; 0                 ; 0          ; 0    ; 0            ; |fpga_matrix_8x8|sevenseg_decimal_16_4digits:result_display|lpm_divide:Mod1|lpm_divide_n3m:auto_generated                                                   ; lpm_divide_n3m              ; work         ;
;             |sign_div_unsign_qlh:divider|       ; 126 (0)             ; 0 (0)                     ; 0                 ; 0          ; 0    ; 0            ; |fpga_matrix_8x8|sevenseg_decimal_16_4digits:result_display|lpm_divide:Mod1|lpm_divide_n3m:auto_generated|sign_div_unsign_qlh:divider                       ; sign_div_unsign_qlh         ; work         ;
;                |alt_u_div_qve:divider|          ; 126 (126)           ; 0 (0)                     ; 0                 ; 0          ; 0    ; 0            ; |fpga_matrix_8x8|sevenseg_decimal_16_4digits:result_display|lpm_divide:Mod1|lpm_divide_n3m:auto_generated|sign_div_unsign_qlh:divider|alt_u_div_qve:divider ; alt_u_div_qve               ; work         ;
;       |lpm_divide:Mod2|                         ; 93 (0)              ; 0 (0)                     ; 0                 ; 0          ; 0    ; 0            ; |fpga_matrix_8x8|sevenseg_decimal_16_4digits:result_display|lpm_divide:Mod2                                                                                 ; lpm_divide                  ; work         ;
;          |lpm_divide_n3m:auto_generated|        ; 93 (0)              ; 0 (0)                     ; 0                 ; 0          ; 0    ; 0            ; |fpga_matrix_8x8|sevenseg_decimal_16_4digits:result_display|lpm_divide:Mod2|lpm_divide_n3m:auto_generated                                                   ; lpm_divide_n3m              ; work         ;
;             |sign_div_unsign_qlh:divider|       ; 93 (0)              ; 0 (0)                     ; 0                 ; 0          ; 0    ; 0            ; |fpga_matrix_8x8|sevenseg_decimal_16_4digits:result_display|lpm_divide:Mod2|lpm_divide_n3m:auto_generated|sign_div_unsign_qlh:divider                       ; sign_div_unsign_qlh         ; work         ;
;                |alt_u_div_qve:divider|          ; 93 (93)             ; 0 (0)                     ; 0                 ; 0          ; 0    ; 0            ; |fpga_matrix_8x8|sevenseg_decimal_16_4digits:result_display|lpm_divide:Mod2|lpm_divide_n3m:auto_generated|sign_div_unsign_qlh:divider|alt_u_div_qve:divider ; alt_u_div_qve               ; work         ;
;       |lpm_divide:Mod3|                         ; 60 (0)              ; 0 (0)                     ; 0                 ; 0          ; 0    ; 0            ; |fpga_matrix_8x8|sevenseg_decimal_16_4digits:result_display|lpm_divide:Mod3                                                                                 ; lpm_divide                  ; work         ;
;          |lpm_divide_n3m:auto_generated|        ; 60 (0)              ; 0 (0)                     ; 0                 ; 0          ; 0    ; 0            ; |fpga_matrix_8x8|sevenseg_decimal_16_4digits:result_display|lpm_divide:Mod3|lpm_divide_n3m:auto_generated                                                   ; lpm_divide_n3m              ; work         ;
;             |sign_div_unsign_qlh:divider|       ; 60 (0)              ; 0 (0)                     ; 0                 ; 0          ; 0    ; 0            ; |fpga_matrix_8x8|sevenseg_decimal_16_4digits:result_display|lpm_divide:Mod3|lpm_divide_n3m:auto_generated|sign_div_unsign_qlh:divider                       ; sign_div_unsign_qlh         ; work         ;
;                |alt_u_div_qve:divider|          ; 60 (60)             ; 0 (0)                     ; 0                 ; 0          ; 0    ; 0            ; |fpga_matrix_8x8|sevenseg_decimal_16_4digits:result_display|lpm_divide:Mod3|lpm_divide_n3m:auto_generated|sign_div_unsign_qlh:divider|alt_u_div_qve:divider ; alt_u_div_qve               ; work         ;
;       |sevenseg_digit:s0|                       ; 7 (7)               ; 0 (0)                     ; 0                 ; 0          ; 0    ; 0            ; |fpga_matrix_8x8|sevenseg_decimal_16_4digits:result_display|sevenseg_digit:s0                                                                               ; sevenseg_digit              ; work         ;
;       |sevenseg_digit:s1|                       ; 7 (7)               ; 0 (0)                     ; 0                 ; 0          ; 0    ; 0            ; |fpga_matrix_8x8|sevenseg_decimal_16_4digits:result_display|sevenseg_digit:s1                                                                               ; sevenseg_digit              ; work         ;
;       |sevenseg_digit:s2|                       ; 7 (7)               ; 0 (0)                     ; 0                 ; 0          ; 0    ; 0            ; |fpga_matrix_8x8|sevenseg_decimal_16_4digits:result_display|sevenseg_digit:s2                                                                               ; sevenseg_digit              ; work         ;
;       |sevenseg_digit:s3|                       ; 7 (7)               ; 0 (0)                     ; 0                 ; 0          ; 0    ; 0            ; |fpga_matrix_8x8|sevenseg_decimal_16_4digits:result_display|sevenseg_digit:s3                                                                               ; sevenseg_digit              ; work         ;
;    |sevenseg_decimal_32_6digits:cycle_display|  ; 4214 (0)            ; 0 (0)                     ; 0                 ; 0          ; 0    ; 0            ; |fpga_matrix_8x8|sevenseg_decimal_32_6digits:cycle_display                                                                                                  ; sevenseg_decimal_32_6digits ; work         ;
;       |lpm_divide:Div0|                         ; 313 (0)             ; 0 (0)                     ; 0                 ; 0          ; 0    ; 0            ; |fpga_matrix_8x8|sevenseg_decimal_32_6digits:cycle_display|lpm_divide:Div0                                                                                  ; lpm_divide                  ; work         ;
;          |lpm_divide_ibm:auto_generated|        ; 313 (0)             ; 0 (0)                     ; 0                 ; 0          ; 0    ; 0            ; |fpga_matrix_8x8|sevenseg_decimal_32_6digits:cycle_display|lpm_divide:Div0|lpm_divide_ibm:auto_generated                                                    ; lpm_divide_ibm              ; work         ;
;             |sign_div_unsign_olh:divider|       ; 313 (0)             ; 0 (0)                     ; 0                 ; 0          ; 0    ; 0            ; |fpga_matrix_8x8|sevenseg_decimal_32_6digits:cycle_display|lpm_divide:Div0|lpm_divide_ibm:auto_generated|sign_div_unsign_olh:divider                        ; sign_div_unsign_olh         ; work         ;
;                |alt_u_div_mve:divider|          ; 313 (313)           ; 0 (0)                     ; 0                 ; 0          ; 0    ; 0            ; |fpga_matrix_8x8|sevenseg_decimal_32_6digits:cycle_display|lpm_divide:Div0|lpm_divide_ibm:auto_generated|sign_div_unsign_olh:divider|alt_u_div_mve:divider  ; alt_u_div_mve               ; work         ;
;       |lpm_divide:Div1|                         ; 478 (0)             ; 0 (0)                     ; 0                 ; 0          ; 0    ; 0            ; |fpga_matrix_8x8|sevenseg_decimal_32_6digits:cycle_display|lpm_divide:Div1                                                                                  ; lpm_divide                  ; work         ;
;          |lpm_divide_lbm:auto_generated|        ; 478 (0)             ; 0 (0)                     ; 0                 ; 0          ; 0    ; 0            ; |fpga_matrix_8x8|sevenseg_decimal_32_6digits:cycle_display|lpm_divide:Div1|lpm_divide_lbm:auto_generated                                                    ; lpm_divide_lbm              ; work         ;
;             |sign_div_unsign_rlh:divider|       ; 478 (0)             ; 0 (0)                     ; 0                 ; 0          ; 0    ; 0            ; |fpga_matrix_8x8|sevenseg_decimal_32_6digits:cycle_display|lpm_divide:Div1|lpm_divide_lbm:auto_generated|sign_div_unsign_rlh:divider                        ; sign_div_unsign_rlh         ; work         ;
;                |alt_u_div_sve:divider|          ; 478 (478)           ; 0 (0)                     ; 0                 ; 0          ; 0    ; 0            ; |fpga_matrix_8x8|sevenseg_decimal_32_6digits:cycle_display|lpm_divide:Div1|lpm_divide_lbm:auto_generated|sign_div_unsign_rlh:divider|alt_u_div_sve:divider  ; alt_u_div_sve               ; work         ;
;       |lpm_divide:Div2|                         ; 580 (0)             ; 0 (0)                     ; 0                 ; 0          ; 0    ; 0            ; |fpga_matrix_8x8|sevenseg_decimal_32_6digits:cycle_display|lpm_divide:Div2                                                                                  ; lpm_divide                  ; work         ;
;          |lpm_divide_vcm:auto_generated|        ; 580 (0)             ; 0 (0)                     ; 0                 ; 0          ; 0    ; 0            ; |fpga_matrix_8x8|sevenseg_decimal_32_6digits:cycle_display|lpm_divide:Div2|lpm_divide_vcm:auto_generated                                                    ; lpm_divide_vcm              ; work         ;
;             |sign_div_unsign_5nh:divider|       ; 580 (0)             ; 0 (0)                     ; 0                 ; 0          ; 0    ; 0            ; |fpga_matrix_8x8|sevenseg_decimal_32_6digits:cycle_display|lpm_divide:Div2|lpm_divide_vcm:auto_generated|sign_div_unsign_5nh:divider                        ; sign_div_unsign_5nh         ; work         ;
;                |alt_u_div_g2f:divider|          ; 580 (580)           ; 0 (0)                     ; 0                 ; 0          ; 0    ; 0            ; |fpga_matrix_8x8|sevenseg_decimal_32_6digits:cycle_display|lpm_divide:Div2|lpm_divide_vcm:auto_generated|sign_div_unsign_5nh:divider|alt_u_div_g2f:divider  ; alt_u_div_g2f               ; work         ;
;       |lpm_divide:Div3|                         ; 658 (0)             ; 0 (0)                     ; 0                 ; 0          ; 0    ; 0            ; |fpga_matrix_8x8|sevenseg_decimal_32_6digits:cycle_display|lpm_divide:Div3                                                                                  ; lpm_divide                  ; work         ;
;          |lpm_divide_3dm:auto_generated|        ; 658 (0)             ; 0 (0)                     ; 0                 ; 0          ; 0    ; 0            ; |fpga_matrix_8x8|sevenseg_decimal_32_6digits:cycle_display|lpm_divide:Div3|lpm_divide_3dm:auto_generated                                                    ; lpm_divide_3dm              ; work         ;
;             |sign_div_unsign_9nh:divider|       ; 658 (0)             ; 0 (0)                     ; 0                 ; 0          ; 0    ; 0            ; |fpga_matrix_8x8|sevenseg_decimal_32_6digits:cycle_display|lpm_divide:Div3|lpm_divide_3dm:auto_generated|sign_div_unsign_9nh:divider                        ; sign_div_unsign_9nh         ; work         ;
;                |alt_u_div_o2f:divider|          ; 658 (658)           ; 0 (0)                     ; 0                 ; 0          ; 0    ; 0            ; |fpga_matrix_8x8|sevenseg_decimal_32_6digits:cycle_display|lpm_divide:Div3|lpm_divide_3dm:auto_generated|sign_div_unsign_9nh:divider|alt_u_div_o2f:divider  ; alt_u_div_o2f               ; work         ;
;       |lpm_divide:Div4|                         ; 668 (0)             ; 0 (0)                     ; 0                 ; 0          ; 0    ; 0            ; |fpga_matrix_8x8|sevenseg_decimal_32_6digits:cycle_display|lpm_divide:Div4                                                                                  ; lpm_divide                  ; work         ;
;          |lpm_divide_6dm:auto_generated|        ; 668 (0)             ; 0 (0)                     ; 0                 ; 0          ; 0    ; 0            ; |fpga_matrix_8x8|sevenseg_decimal_32_6digits:cycle_display|lpm_divide:Div4|lpm_divide_6dm:auto_generated                                                    ; lpm_divide_6dm              ; work         ;
;             |sign_div_unsign_cnh:divider|       ; 668 (0)             ; 0 (0)                     ; 0                 ; 0          ; 0    ; 0            ; |fpga_matrix_8x8|sevenseg_decimal_32_6digits:cycle_display|lpm_divide:Div4|lpm_divide_6dm:auto_generated|sign_div_unsign_cnh:divider                        ; sign_div_unsign_cnh         ; work         ;
;                |alt_u_div_u2f:divider|          ; 668 (668)           ; 0 (0)                     ; 0                 ; 0          ; 0    ; 0            ; |fpga_matrix_8x8|sevenseg_decimal_32_6digits:cycle_display|lpm_divide:Div4|lpm_divide_6dm:auto_generated|sign_div_unsign_cnh:divider|alt_u_div_u2f:divider  ; alt_u_div_u2f               ; work         ;
;       |lpm_divide:Mod0|                         ; 317 (0)             ; 0 (0)                     ; 0                 ; 0          ; 0    ; 0            ; |fpga_matrix_8x8|sevenseg_decimal_32_6digits:cycle_display|lpm_divide:Mod0                                                                                  ; lpm_divide                  ; work         ;
;          |lpm_divide_l3m:auto_generated|        ; 317 (0)             ; 0 (0)                     ; 0                 ; 0          ; 0    ; 0            ; |fpga_matrix_8x8|sevenseg_decimal_32_6digits:cycle_display|lpm_divide:Mod0|lpm_divide_l3m:auto_generated                                                    ; lpm_divide_l3m              ; work         ;
;             |sign_div_unsign_olh:divider|       ; 317 (0)             ; 0 (0)                     ; 0                 ; 0          ; 0    ; 0            ; |fpga_matrix_8x8|sevenseg_decimal_32_6digits:cycle_display|lpm_divide:Mod0|lpm_divide_l3m:auto_generated|sign_div_unsign_olh:divider                        ; sign_div_unsign_olh         ; work         ;
;                |alt_u_div_mve:divider|          ; 317 (317)           ; 0 (0)                     ; 0                 ; 0          ; 0    ; 0            ; |fpga_matrix_8x8|sevenseg_decimal_32_6digits:cycle_display|lpm_divide:Mod0|lpm_divide_l3m:auto_generated|sign_div_unsign_olh:divider|alt_u_div_mve:divider  ; alt_u_div_mve               ; work         ;
;       |lpm_divide:Mod1|                         ; 302 (0)             ; 0 (0)                     ; 0                 ; 0          ; 0    ; 0            ; |fpga_matrix_8x8|sevenseg_decimal_32_6digits:cycle_display|lpm_divide:Mod1                                                                                  ; lpm_divide                  ; work         ;
;          |lpm_divide_l3m:auto_generated|        ; 302 (0)             ; 0 (0)                     ; 0                 ; 0          ; 0    ; 0            ; |fpga_matrix_8x8|sevenseg_decimal_32_6digits:cycle_display|lpm_divide:Mod1|lpm_divide_l3m:auto_generated                                                    ; lpm_divide_l3m              ; work         ;
;             |sign_div_unsign_olh:divider|       ; 302 (0)             ; 0 (0)                     ; 0                 ; 0          ; 0    ; 0            ; |fpga_matrix_8x8|sevenseg_decimal_32_6digits:cycle_display|lpm_divide:Mod1|lpm_divide_l3m:auto_generated|sign_div_unsign_olh:divider                        ; sign_div_unsign_olh         ; work         ;
;                |alt_u_div_mve:divider|          ; 302 (302)           ; 0 (0)                     ; 0                 ; 0          ; 0    ; 0            ; |fpga_matrix_8x8|sevenseg_decimal_32_6digits:cycle_display|lpm_divide:Mod1|lpm_divide_l3m:auto_generated|sign_div_unsign_olh:divider|alt_u_div_mve:divider  ; alt_u_div_mve               ; work         ;
;       |lpm_divide:Mod2|                         ; 269 (0)             ; 0 (0)                     ; 0                 ; 0          ; 0    ; 0            ; |fpga_matrix_8x8|sevenseg_decimal_32_6digits:cycle_display|lpm_divide:Mod2                                                                                  ; lpm_divide                  ; work         ;
;          |lpm_divide_l3m:auto_generated|        ; 269 (0)             ; 0 (0)                     ; 0                 ; 0          ; 0    ; 0            ; |fpga_matrix_8x8|sevenseg_decimal_32_6digits:cycle_display|lpm_divide:Mod2|lpm_divide_l3m:auto_generated                                                    ; lpm_divide_l3m              ; work         ;
;             |sign_div_unsign_olh:divider|       ; 269 (0)             ; 0 (0)                     ; 0                 ; 0          ; 0    ; 0            ; |fpga_matrix_8x8|sevenseg_decimal_32_6digits:cycle_display|lpm_divide:Mod2|lpm_divide_l3m:auto_generated|sign_div_unsign_olh:divider                        ; sign_div_unsign_olh         ; work         ;
;                |alt_u_div_mve:divider|          ; 269 (269)           ; 0 (0)                     ; 0                 ; 0          ; 0    ; 0            ; |fpga_matrix_8x8|sevenseg_decimal_32_6digits:cycle_display|lpm_divide:Mod2|lpm_divide_l3m:auto_generated|sign_div_unsign_olh:divider|alt_u_div_mve:divider  ; alt_u_div_mve               ; work         ;
;       |lpm_divide:Mod3|                         ; 236 (0)             ; 0 (0)                     ; 0                 ; 0          ; 0    ; 0            ; |fpga_matrix_8x8|sevenseg_decimal_32_6digits:cycle_display|lpm_divide:Mod3                                                                                  ; lpm_divide                  ; work         ;
;          |lpm_divide_l3m:auto_generated|        ; 236 (0)             ; 0 (0)                     ; 0                 ; 0          ; 0    ; 0            ; |fpga_matrix_8x8|sevenseg_decimal_32_6digits:cycle_display|lpm_divide:Mod3|lpm_divide_l3m:auto_generated                                                    ; lpm_divide_l3m              ; work         ;
;             |sign_div_unsign_olh:divider|       ; 236 (0)             ; 0 (0)                     ; 0                 ; 0          ; 0    ; 0            ; |fpga_matrix_8x8|sevenseg_decimal_32_6digits:cycle_display|lpm_divide:Mod3|lpm_divide_l3m:auto_generated|sign_div_unsign_olh:divider                        ; sign_div_unsign_olh         ; work         ;
;                |alt_u_div_mve:divider|          ; 236 (236)           ; 0 (0)                     ; 0                 ; 0          ; 0    ; 0            ; |fpga_matrix_8x8|sevenseg_decimal_32_6digits:cycle_display|lpm_divide:Mod3|lpm_divide_l3m:auto_generated|sign_div_unsign_olh:divider|alt_u_div_mve:divider  ; alt_u_div_mve               ; work         ;
;       |lpm_divide:Mod4|                         ; 192 (0)             ; 0 (0)                     ; 0                 ; 0          ; 0    ; 0            ; |fpga_matrix_8x8|sevenseg_decimal_32_6digits:cycle_display|lpm_divide:Mod4                                                                                  ; lpm_divide                  ; work         ;
;          |lpm_divide_l3m:auto_generated|        ; 192 (0)             ; 0 (0)                     ; 0                 ; 0          ; 0    ; 0            ; |fpga_matrix_8x8|sevenseg_decimal_32_6digits:cycle_display|lpm_divide:Mod4|lpm_divide_l3m:auto_generated                                                    ; lpm_divide_l3m              ; work         ;
;             |sign_div_unsign_olh:divider|       ; 192 (0)             ; 0 (0)                     ; 0                 ; 0          ; 0    ; 0            ; |fpga_matrix_8x8|sevenseg_decimal_32_6digits:cycle_display|lpm_divide:Mod4|lpm_divide_l3m:auto_generated|sign_div_unsign_olh:divider                        ; sign_div_unsign_olh         ; work         ;
;                |alt_u_div_mve:divider|          ; 192 (192)           ; 0 (0)                     ; 0                 ; 0          ; 0    ; 0            ; |fpga_matrix_8x8|sevenseg_decimal_32_6digits:cycle_display|lpm_divide:Mod4|lpm_divide_l3m:auto_generated|sign_div_unsign_olh:divider|alt_u_div_mve:divider  ; alt_u_div_mve               ; work         ;
;       |lpm_divide:Mod5|                         ; 159 (0)             ; 0 (0)                     ; 0                 ; 0          ; 0    ; 0            ; |fpga_matrix_8x8|sevenseg_decimal_32_6digits:cycle_display|lpm_divide:Mod5                                                                                  ; lpm_divide                  ; work         ;
;          |lpm_divide_l3m:auto_generated|        ; 159 (0)             ; 0 (0)                     ; 0                 ; 0          ; 0    ; 0            ; |fpga_matrix_8x8|sevenseg_decimal_32_6digits:cycle_display|lpm_divide:Mod5|lpm_divide_l3m:auto_generated                                                    ; lpm_divide_l3m              ; work         ;
;             |sign_div_unsign_olh:divider|       ; 159 (0)             ; 0 (0)                     ; 0                 ; 0          ; 0    ; 0            ; |fpga_matrix_8x8|sevenseg_decimal_32_6digits:cycle_display|lpm_divide:Mod5|lpm_divide_l3m:auto_generated|sign_div_unsign_olh:divider                        ; sign_div_unsign_olh         ; work         ;
;                |alt_u_div_mve:divider|          ; 159 (159)           ; 0 (0)                     ; 0                 ; 0          ; 0    ; 0            ; |fpga_matrix_8x8|sevenseg_decimal_32_6digits:cycle_display|lpm_divide:Mod5|lpm_divide_l3m:auto_generated|sign_div_unsign_olh:divider|alt_u_div_mve:divider  ; alt_u_div_mve               ; work         ;
;       |sevenseg_digit:s0|                       ; 7 (7)               ; 0 (0)                     ; 0                 ; 0          ; 0    ; 0            ; |fpga_matrix_8x8|sevenseg_decimal_32_6digits:cycle_display|sevenseg_digit:s0                                                                                ; sevenseg_digit              ; work         ;
;       |sevenseg_digit:s1|                       ; 7 (7)               ; 0 (0)                     ; 0                 ; 0          ; 0    ; 0            ; |fpga_matrix_8x8|sevenseg_decimal_32_6digits:cycle_display|sevenseg_digit:s1                                                                                ; sevenseg_digit              ; work         ;
;       |sevenseg_digit:s2|                       ; 7 (7)               ; 0 (0)                     ; 0                 ; 0          ; 0    ; 0            ; |fpga_matrix_8x8|sevenseg_decimal_32_6digits:cycle_display|sevenseg_digit:s2                                                                                ; sevenseg_digit              ; work         ;
;       |sevenseg_digit:s3|                       ; 7 (7)               ; 0 (0)                     ; 0                 ; 0          ; 0    ; 0            ; |fpga_matrix_8x8|sevenseg_decimal_32_6digits:cycle_display|sevenseg_digit:s3                                                                                ; sevenseg_digit              ; work         ;
;       |sevenseg_digit:s4|                       ; 7 (7)               ; 0 (0)                     ; 0                 ; 0          ; 0    ; 0            ; |fpga_matrix_8x8|sevenseg_decimal_32_6digits:cycle_display|sevenseg_digit:s4                                                                                ; sevenseg_digit              ; work         ;
;       |sevenseg_digit:s5|                       ; 7 (7)               ; 0 (0)                     ; 0                 ; 0          ; 0    ; 0            ; |fpga_matrix_8x8|sevenseg_decimal_32_6digits:cycle_display|sevenseg_digit:s5                                                                                ; sevenseg_digit              ; work         ;
+-------------------------------------------------+---------------------+---------------------------+-------------------+------------+------+--------------+-------------------------------------------------------------------------------------------------------------------------------------------------------------+-----------------------------+--------------+
Note: For table entries with two numbers listed, the numbers in parentheses indicate the number of resources of the given type used by the specific entity alone. The numbers listed outside of parentheses indicate the total resources of the given type used by the specific entity and all of its sub-entities in the hierarchy.


+-----------------------------------------------+
; Analysis & Synthesis DSP Block Usage Summary  ;
+---------------------------------+-------------+
; Statistic                       ; Number Used ;
+---------------------------------+-------------+
; Independent 18x18 plus 36       ; 65          ;
; Total number of DSP blocks      ; 65          ;
;                                 ;             ;
; Fixed Point Unsigned Multiplier ; 65          ;
+---------------------------------+-------------+


Encoding Type:  One-Hot
+---------------------------------------------------------------------------------------+
; State Machine - |fpga_matrix_8x8|fpga_matrix_core_no_uart:matrix0|state               ;
+--------------------+------------+--------------------+-------------------+------------+
; Name               ; state.DONE ; state.SYSTOLIC_RUN ; state.REGULAR_RUN ; state.IDLE ;
+--------------------+------------+--------------------+-------------------+------------+
; state.IDLE         ; 0          ; 0                  ; 0                 ; 0          ;
; state.REGULAR_RUN  ; 0          ; 0                  ; 1                 ; 1          ;
; state.SYSTOLIC_RUN ; 0          ; 1                  ; 0                 ; 1          ;
; state.DONE         ; 1          ; 0                  ; 0                 ; 1          ;
+--------------------+------------+--------------------+-------------------+------------+


+-------------------------------------------------------------------------------------------------------------+
; Registers Removed During Synthesis                                                                          ;
+------------------------------------------------+------------------------------------------------------------+
; Register name                                  ; Reason for Removal                                         ;
+------------------------------------------------+------------------------------------------------------------+
; fpga_matrix_core_no_uart:matrix0|a_pipe[0][5]  ; Merged with fpga_matrix_core_no_uart:matrix0|a_pipe[0][4]  ;
; fpga_matrix_core_no_uart:matrix0|a_pipe[0][6]  ; Merged with fpga_matrix_core_no_uart:matrix0|a_pipe[0][4]  ;
; fpga_matrix_core_no_uart:matrix0|a_pipe[0][7]  ; Merged with fpga_matrix_core_no_uart:matrix0|a_pipe[0][4]  ;
; fpga_matrix_core_no_uart:matrix0|a_pipe[16][4] ; Merged with fpga_matrix_core_no_uart:matrix0|a_pipe[0][4]  ;
; fpga_matrix_core_no_uart:matrix0|a_pipe[16][5] ; Merged with fpga_matrix_core_no_uart:matrix0|a_pipe[0][4]  ;
; fpga_matrix_core_no_uart:matrix0|a_pipe[16][6] ; Merged with fpga_matrix_core_no_uart:matrix0|a_pipe[0][4]  ;
; fpga_matrix_core_no_uart:matrix0|a_pipe[16][7] ; Merged with fpga_matrix_core_no_uart:matrix0|a_pipe[0][4]  ;
; fpga_matrix_core_no_uart:matrix0|a_pipe[24][4] ; Merged with fpga_matrix_core_no_uart:matrix0|a_pipe[0][4]  ;
; fpga_matrix_core_no_uart:matrix0|a_pipe[24][5] ; Merged with fpga_matrix_core_no_uart:matrix0|a_pipe[0][4]  ;
; fpga_matrix_core_no_uart:matrix0|a_pipe[24][6] ; Merged with fpga_matrix_core_no_uart:matrix0|a_pipe[0][4]  ;
; fpga_matrix_core_no_uart:matrix0|a_pipe[24][7] ; Merged with fpga_matrix_core_no_uart:matrix0|a_pipe[0][4]  ;
; fpga_matrix_core_no_uart:matrix0|a_pipe[32][4] ; Merged with fpga_matrix_core_no_uart:matrix0|a_pipe[0][4]  ;
; fpga_matrix_core_no_uart:matrix0|a_pipe[32][5] ; Merged with fpga_matrix_core_no_uart:matrix0|a_pipe[0][4]  ;
; fpga_matrix_core_no_uart:matrix0|a_pipe[32][6] ; Merged with fpga_matrix_core_no_uart:matrix0|a_pipe[0][4]  ;
; fpga_matrix_core_no_uart:matrix0|a_pipe[32][7] ; Merged with fpga_matrix_core_no_uart:matrix0|a_pipe[0][4]  ;
; fpga_matrix_core_no_uart:matrix0|a_pipe[40][4] ; Merged with fpga_matrix_core_no_uart:matrix0|a_pipe[0][4]  ;
; fpga_matrix_core_no_uart:matrix0|a_pipe[40][5] ; Merged with fpga_matrix_core_no_uart:matrix0|a_pipe[0][4]  ;
; fpga_matrix_core_no_uart:matrix0|a_pipe[40][6] ; Merged with fpga_matrix_core_no_uart:matrix0|a_pipe[0][4]  ;
; fpga_matrix_core_no_uart:matrix0|a_pipe[40][7] ; Merged with fpga_matrix_core_no_uart:matrix0|a_pipe[0][4]  ;
; fpga_matrix_core_no_uart:matrix0|a_pipe[48][4] ; Merged with fpga_matrix_core_no_uart:matrix0|a_pipe[0][4]  ;
; fpga_matrix_core_no_uart:matrix0|a_pipe[48][5] ; Merged with fpga_matrix_core_no_uart:matrix0|a_pipe[0][4]  ;
; fpga_matrix_core_no_uart:matrix0|a_pipe[48][6] ; Merged with fpga_matrix_core_no_uart:matrix0|a_pipe[0][4]  ;
; fpga_matrix_core_no_uart:matrix0|a_pipe[48][7] ; Merged with fpga_matrix_core_no_uart:matrix0|a_pipe[0][4]  ;
; fpga_matrix_core_no_uart:matrix0|a_pipe[56][4] ; Merged with fpga_matrix_core_no_uart:matrix0|a_pipe[0][4]  ;
; fpga_matrix_core_no_uart:matrix0|a_pipe[56][5] ; Merged with fpga_matrix_core_no_uart:matrix0|a_pipe[0][4]  ;
; fpga_matrix_core_no_uart:matrix0|a_pipe[56][6] ; Merged with fpga_matrix_core_no_uart:matrix0|a_pipe[0][4]  ;
; fpga_matrix_core_no_uart:matrix0|a_pipe[56][7] ; Merged with fpga_matrix_core_no_uart:matrix0|a_pipe[0][4]  ;
; fpga_matrix_core_no_uart:matrix0|a_pipe[8][4]  ; Merged with fpga_matrix_core_no_uart:matrix0|a_pipe[0][4]  ;
; fpga_matrix_core_no_uart:matrix0|a_pipe[8][5]  ; Merged with fpga_matrix_core_no_uart:matrix0|a_pipe[0][4]  ;
; fpga_matrix_core_no_uart:matrix0|a_pipe[8][6]  ; Merged with fpga_matrix_core_no_uart:matrix0|a_pipe[0][4]  ;
; fpga_matrix_core_no_uart:matrix0|a_pipe[8][7]  ; Merged with fpga_matrix_core_no_uart:matrix0|a_pipe[0][4]  ;
; fpga_matrix_core_no_uart:matrix0|b_pipe[0][4]  ; Merged with fpga_matrix_core_no_uart:matrix0|a_pipe[0][4]  ;
; fpga_matrix_core_no_uart:matrix0|b_pipe[0][5]  ; Merged with fpga_matrix_core_no_uart:matrix0|a_pipe[0][4]  ;
; fpga_matrix_core_no_uart:matrix0|b_pipe[0][6]  ; Merged with fpga_matrix_core_no_uart:matrix0|a_pipe[0][4]  ;
; fpga_matrix_core_no_uart:matrix0|b_pipe[0][7]  ; Merged with fpga_matrix_core_no_uart:matrix0|a_pipe[0][4]  ;
; fpga_matrix_core_no_uart:matrix0|b_pipe[1][4]  ; Merged with fpga_matrix_core_no_uart:matrix0|a_pipe[0][4]  ;
; fpga_matrix_core_no_uart:matrix0|b_pipe[1][5]  ; Merged with fpga_matrix_core_no_uart:matrix0|a_pipe[0][4]  ;
; fpga_matrix_core_no_uart:matrix0|b_pipe[1][6]  ; Merged with fpga_matrix_core_no_uart:matrix0|a_pipe[0][4]  ;
; fpga_matrix_core_no_uart:matrix0|b_pipe[1][7]  ; Merged with fpga_matrix_core_no_uart:matrix0|a_pipe[0][4]  ;
; fpga_matrix_core_no_uart:matrix0|b_pipe[2][4]  ; Merged with fpga_matrix_core_no_uart:matrix0|a_pipe[0][4]  ;
; fpga_matrix_core_no_uart:matrix0|b_pipe[2][5]  ; Merged with fpga_matrix_core_no_uart:matrix0|a_pipe[0][4]  ;
; fpga_matrix_core_no_uart:matrix0|b_pipe[2][6]  ; Merged with fpga_matrix_core_no_uart:matrix0|a_pipe[0][4]  ;
; fpga_matrix_core_no_uart:matrix0|b_pipe[2][7]  ; Merged with fpga_matrix_core_no_uart:matrix0|a_pipe[0][4]  ;
; fpga_matrix_core_no_uart:matrix0|b_pipe[3][4]  ; Merged with fpga_matrix_core_no_uart:matrix0|a_pipe[0][4]  ;
; fpga_matrix_core_no_uart:matrix0|b_pipe[3][5]  ; Merged with fpga_matrix_core_no_uart:matrix0|a_pipe[0][4]  ;
; fpga_matrix_core_no_uart:matrix0|b_pipe[3][6]  ; Merged with fpga_matrix_core_no_uart:matrix0|a_pipe[0][4]  ;
; fpga_matrix_core_no_uart:matrix0|b_pipe[3][7]  ; Merged with fpga_matrix_core_no_uart:matrix0|a_pipe[0][4]  ;
; fpga_matrix_core_no_uart:matrix0|b_pipe[4][4]  ; Merged with fpga_matrix_core_no_uart:matrix0|a_pipe[0][4]  ;
; fpga_matrix_core_no_uart:matrix0|b_pipe[4][5]  ; Merged with fpga_matrix_core_no_uart:matrix0|a_pipe[0][4]  ;
; fpga_matrix_core_no_uart:matrix0|b_pipe[4][6]  ; Merged with fpga_matrix_core_no_uart:matrix0|a_pipe[0][4]  ;
; fpga_matrix_core_no_uart:matrix0|b_pipe[4][7]  ; Merged with fpga_matrix_core_no_uart:matrix0|a_pipe[0][4]  ;
; fpga_matrix_core_no_uart:matrix0|b_pipe[5][4]  ; Merged with fpga_matrix_core_no_uart:matrix0|a_pipe[0][4]  ;
; fpga_matrix_core_no_uart:matrix0|b_pipe[5][5]  ; Merged with fpga_matrix_core_no_uart:matrix0|a_pipe[0][4]  ;
; fpga_matrix_core_no_uart:matrix0|b_pipe[5][6]  ; Merged with fpga_matrix_core_no_uart:matrix0|a_pipe[0][4]  ;
; fpga_matrix_core_no_uart:matrix0|b_pipe[5][7]  ; Merged with fpga_matrix_core_no_uart:matrix0|a_pipe[0][4]  ;
; fpga_matrix_core_no_uart:matrix0|b_pipe[6][4]  ; Merged with fpga_matrix_core_no_uart:matrix0|a_pipe[0][4]  ;
; fpga_matrix_core_no_uart:matrix0|b_pipe[6][5]  ; Merged with fpga_matrix_core_no_uart:matrix0|a_pipe[0][4]  ;
; fpga_matrix_core_no_uart:matrix0|b_pipe[6][6]  ; Merged with fpga_matrix_core_no_uart:matrix0|a_pipe[0][4]  ;
; fpga_matrix_core_no_uart:matrix0|b_pipe[6][7]  ; Merged with fpga_matrix_core_no_uart:matrix0|a_pipe[0][4]  ;
; fpga_matrix_core_no_uart:matrix0|b_pipe[7][4]  ; Merged with fpga_matrix_core_no_uart:matrix0|a_pipe[0][4]  ;
; fpga_matrix_core_no_uart:matrix0|b_pipe[7][5]  ; Merged with fpga_matrix_core_no_uart:matrix0|a_pipe[0][4]  ;
; fpga_matrix_core_no_uart:matrix0|b_pipe[7][6]  ; Merged with fpga_matrix_core_no_uart:matrix0|a_pipe[0][4]  ;
; fpga_matrix_core_no_uart:matrix0|b_pipe[7][7]  ; Merged with fpga_matrix_core_no_uart:matrix0|a_pipe[0][4]  ;
; fpga_matrix_core_no_uart:matrix0|a_pipe[17][5] ; Merged with fpga_matrix_core_no_uart:matrix0|a_pipe[17][4] ;
; fpga_matrix_core_no_uart:matrix0|a_pipe[17][6] ; Merged with fpga_matrix_core_no_uart:matrix0|a_pipe[17][4] ;
; fpga_matrix_core_no_uart:matrix0|a_pipe[17][7] ; Merged with fpga_matrix_core_no_uart:matrix0|a_pipe[17][4] ;
; fpga_matrix_core_no_uart:matrix0|a_pipe[1][4]  ; Merged with fpga_matrix_core_no_uart:matrix0|a_pipe[17][4] ;
; fpga_matrix_core_no_uart:matrix0|a_pipe[1][5]  ; Merged with fpga_matrix_core_no_uart:matrix0|a_pipe[17][4] ;
; fpga_matrix_core_no_uart:matrix0|a_pipe[1][6]  ; Merged with fpga_matrix_core_no_uart:matrix0|a_pipe[17][4] ;
; fpga_matrix_core_no_uart:matrix0|a_pipe[1][7]  ; Merged with fpga_matrix_core_no_uart:matrix0|a_pipe[17][4] ;
; fpga_matrix_core_no_uart:matrix0|a_pipe[25][4] ; Merged with fpga_matrix_core_no_uart:matrix0|a_pipe[17][4] ;
; fpga_matrix_core_no_uart:matrix0|a_pipe[25][5] ; Merged with fpga_matrix_core_no_uart:matrix0|a_pipe[17][4] ;
; fpga_matrix_core_no_uart:matrix0|a_pipe[25][6] ; Merged with fpga_matrix_core_no_uart:matrix0|a_pipe[17][4] ;
; fpga_matrix_core_no_uart:matrix0|a_pipe[25][7] ; Merged with fpga_matrix_core_no_uart:matrix0|a_pipe[17][4] ;
; fpga_matrix_core_no_uart:matrix0|a_pipe[33][4] ; Merged with fpga_matrix_core_no_uart:matrix0|a_pipe[17][4] ;
; fpga_matrix_core_no_uart:matrix0|a_pipe[33][5] ; Merged with fpga_matrix_core_no_uart:matrix0|a_pipe[17][4] ;
; fpga_matrix_core_no_uart:matrix0|a_pipe[33][6] ; Merged with fpga_matrix_core_no_uart:matrix0|a_pipe[17][4] ;
; fpga_matrix_core_no_uart:matrix0|a_pipe[33][7] ; Merged with fpga_matrix_core_no_uart:matrix0|a_pipe[17][4] ;
; fpga_matrix_core_no_uart:matrix0|a_pipe[41][4] ; Merged with fpga_matrix_core_no_uart:matrix0|a_pipe[17][4] ;
; fpga_matrix_core_no_uart:matrix0|a_pipe[41][5] ; Merged with fpga_matrix_core_no_uart:matrix0|a_pipe[17][4] ;
; fpga_matrix_core_no_uart:matrix0|a_pipe[41][6] ; Merged with fpga_matrix_core_no_uart:matrix0|a_pipe[17][4] ;
; fpga_matrix_core_no_uart:matrix0|a_pipe[41][7] ; Merged with fpga_matrix_core_no_uart:matrix0|a_pipe[17][4] ;
; fpga_matrix_core_no_uart:matrix0|a_pipe[49][4] ; Merged with fpga_matrix_core_no_uart:matrix0|a_pipe[17][4] ;
; fpga_matrix_core_no_uart:matrix0|a_pipe[49][5] ; Merged with fpga_matrix_core_no_uart:matrix0|a_pipe[17][4] ;
; fpga_matrix_core_no_uart:matrix0|a_pipe[49][6] ; Merged with fpga_matrix_core_no_uart:matrix0|a_pipe[17][4] ;
; fpga_matrix_core_no_uart:matrix0|a_pipe[49][7] ; Merged with fpga_matrix_core_no_uart:matrix0|a_pipe[17][4] ;
; fpga_matrix_core_no_uart:matrix0|a_pipe[57][4] ; Merged with fpga_matrix_core_no_uart:matrix0|a_pipe[17][4] ;
; fpga_matrix_core_no_uart:matrix0|a_pipe[57][5] ; Merged with fpga_matrix_core_no_uart:matrix0|a_pipe[17][4] ;
; fpga_matrix_core_no_uart:matrix0|a_pipe[57][6] ; Merged with fpga_matrix_core_no_uart:matrix0|a_pipe[17][4] ;
; fpga_matrix_core_no_uart:matrix0|a_pipe[57][7] ; Merged with fpga_matrix_core_no_uart:matrix0|a_pipe[17][4] ;
; fpga_matrix_core_no_uart:matrix0|a_pipe[9][4]  ; Merged with fpga_matrix_core_no_uart:matrix0|a_pipe[17][4] ;
; fpga_matrix_core_no_uart:matrix0|a_pipe[9][5]  ; Merged with fpga_matrix_core_no_uart:matrix0|a_pipe[17][4] ;
; fpga_matrix_core_no_uart:matrix0|a_pipe[9][6]  ; Merged with fpga_matrix_core_no_uart:matrix0|a_pipe[17][4] ;
; fpga_matrix_core_no_uart:matrix0|a_pipe[9][7]  ; Merged with fpga_matrix_core_no_uart:matrix0|a_pipe[17][4] ;
; fpga_matrix_core_no_uart:matrix0|b_pipe[10][4] ; Merged with fpga_matrix_core_no_uart:matrix0|a_pipe[17][4] ;
; fpga_matrix_core_no_uart:matrix0|b_pipe[10][5] ; Merged with fpga_matrix_core_no_uart:matrix0|a_pipe[17][4] ;
; fpga_matrix_core_no_uart:matrix0|b_pipe[10][6] ; Merged with fpga_matrix_core_no_uart:matrix0|a_pipe[17][4] ;
; fpga_matrix_core_no_uart:matrix0|b_pipe[10][7] ; Merged with fpga_matrix_core_no_uart:matrix0|a_pipe[17][4] ;
; fpga_matrix_core_no_uart:matrix0|b_pipe[11][4] ; Merged with fpga_matrix_core_no_uart:matrix0|a_pipe[17][4] ;
; fpga_matrix_core_no_uart:matrix0|b_pipe[11][5] ; Merged with fpga_matrix_core_no_uart:matrix0|a_pipe[17][4] ;
; fpga_matrix_core_no_uart:matrix0|b_pipe[11][6] ; Merged with fpga_matrix_core_no_uart:matrix0|a_pipe[17][4] ;
; fpga_matrix_core_no_uart:matrix0|b_pipe[11][7] ; Merged with fpga_matrix_core_no_uart:matrix0|a_pipe[17][4] ;
; fpga_matrix_core_no_uart:matrix0|b_pipe[12][4] ; Merged with fpga_matrix_core_no_uart:matrix0|a_pipe[17][4] ;
; fpga_matrix_core_no_uart:matrix0|b_pipe[12][5] ; Merged with fpga_matrix_core_no_uart:matrix0|a_pipe[17][4] ;
; fpga_matrix_core_no_uart:matrix0|b_pipe[12][6] ; Merged with fpga_matrix_core_no_uart:matrix0|a_pipe[17][4] ;
; fpga_matrix_core_no_uart:matrix0|b_pipe[12][7] ; Merged with fpga_matrix_core_no_uart:matrix0|a_pipe[17][4] ;
; fpga_matrix_core_no_uart:matrix0|b_pipe[13][4] ; Merged with fpga_matrix_core_no_uart:matrix0|a_pipe[17][4] ;
; fpga_matrix_core_no_uart:matrix0|b_pipe[13][5] ; Merged with fpga_matrix_core_no_uart:matrix0|a_pipe[17][4] ;
; fpga_matrix_core_no_uart:matrix0|b_pipe[13][6] ; Merged with fpga_matrix_core_no_uart:matrix0|a_pipe[17][4] ;
; fpga_matrix_core_no_uart:matrix0|b_pipe[13][7] ; Merged with fpga_matrix_core_no_uart:matrix0|a_pipe[17][4] ;
; fpga_matrix_core_no_uart:matrix0|b_pipe[14][4] ; Merged with fpga_matrix_core_no_uart:matrix0|a_pipe[17][4] ;
; fpga_matrix_core_no_uart:matrix0|b_pipe[14][5] ; Merged with fpga_matrix_core_no_uart:matrix0|a_pipe[17][4] ;
; fpga_matrix_core_no_uart:matrix0|b_pipe[14][6] ; Merged with fpga_matrix_core_no_uart:matrix0|a_pipe[17][4] ;
; fpga_matrix_core_no_uart:matrix0|b_pipe[14][7] ; Merged with fpga_matrix_core_no_uart:matrix0|a_pipe[17][4] ;
; fpga_matrix_core_no_uart:matrix0|b_pipe[15][4] ; Merged with fpga_matrix_core_no_uart:matrix0|a_pipe[17][4] ;
; fpga_matrix_core_no_uart:matrix0|b_pipe[15][5] ; Merged with fpga_matrix_core_no_uart:matrix0|a_pipe[17][4] ;
; fpga_matrix_core_no_uart:matrix0|b_pipe[15][6] ; Merged with fpga_matrix_core_no_uart:matrix0|a_pipe[17][4] ;
; fpga_matrix_core_no_uart:matrix0|b_pipe[15][7] ; Merged with fpga_matrix_core_no_uart:matrix0|a_pipe[17][4] ;
; fpga_matrix_core_no_uart:matrix0|b_pipe[8][4]  ; Merged with fpga_matrix_core_no_uart:matrix0|a_pipe[17][4] ;
; fpga_matrix_core_no_uart:matrix0|b_pipe[8][5]  ; Merged with fpga_matrix_core_no_uart:matrix0|a_pipe[17][4] ;
; fpga_matrix_core_no_uart:matrix0|b_pipe[8][6]  ; Merged with fpga_matrix_core_no_uart:matrix0|a_pipe[17][4] ;
; fpga_matrix_core_no_uart:matrix0|b_pipe[8][7]  ; Merged with fpga_matrix_core_no_uart:matrix0|a_pipe[17][4] ;
; fpga_matrix_core_no_uart:matrix0|b_pipe[9][4]  ; Merged with fpga_matrix_core_no_uart:matrix0|a_pipe[17][4] ;
; fpga_matrix_core_no_uart:matrix0|b_pipe[9][5]  ; Merged with fpga_matrix_core_no_uart:matrix0|a_pipe[17][4] ;
; fpga_matrix_core_no_uart:matrix0|b_pipe[9][6]  ; Merged with fpga_matrix_core_no_uart:matrix0|a_pipe[17][4] ;
; fpga_matrix_core_no_uart:matrix0|b_pipe[9][7]  ; Merged with fpga_matrix_core_no_uart:matrix0|a_pipe[17][4] ;
; fpga_matrix_core_no_uart:matrix0|a_pipe[10][5] ; Merged with fpga_matrix_core_no_uart:matrix0|a_pipe[10][4] ;
; fpga_matrix_core_no_uart:matrix0|a_pipe[10][6] ; Merged with fpga_matrix_core_no_uart:matrix0|a_pipe[10][4] ;
; fpga_matrix_core_no_uart:matrix0|a_pipe[10][7] ; Merged with fpga_matrix_core_no_uart:matrix0|a_pipe[10][4] ;
; fpga_matrix_core_no_uart:matrix0|a_pipe[18][4] ; Merged with fpga_matrix_core_no_uart:matrix0|a_pipe[10][4] ;
; fpga_matrix_core_no_uart:matrix0|a_pipe[18][5] ; Merged with fpga_matrix_core_no_uart:matrix0|a_pipe[10][4] ;
; fpga_matrix_core_no_uart:matrix0|a_pipe[18][6] ; Merged with fpga_matrix_core_no_uart:matrix0|a_pipe[10][4] ;
; fpga_matrix_core_no_uart:matrix0|a_pipe[18][7] ; Merged with fpga_matrix_core_no_uart:matrix0|a_pipe[10][4] ;
; fpga_matrix_core_no_uart:matrix0|a_pipe[26][4] ; Merged with fpga_matrix_core_no_uart:matrix0|a_pipe[10][4] ;
; fpga_matrix_core_no_uart:matrix0|a_pipe[26][5] ; Merged with fpga_matrix_core_no_uart:matrix0|a_pipe[10][4] ;
; fpga_matrix_core_no_uart:matrix0|a_pipe[26][6] ; Merged with fpga_matrix_core_no_uart:matrix0|a_pipe[10][4] ;
; fpga_matrix_core_no_uart:matrix0|a_pipe[26][7] ; Merged with fpga_matrix_core_no_uart:matrix0|a_pipe[10][4] ;
; fpga_matrix_core_no_uart:matrix0|a_pipe[2][4]  ; Merged with fpga_matrix_core_no_uart:matrix0|a_pipe[10][4] ;
; fpga_matrix_core_no_uart:matrix0|a_pipe[2][5]  ; Merged with fpga_matrix_core_no_uart:matrix0|a_pipe[10][4] ;
; fpga_matrix_core_no_uart:matrix0|a_pipe[2][6]  ; Merged with fpga_matrix_core_no_uart:matrix0|a_pipe[10][4] ;
; fpga_matrix_core_no_uart:matrix0|a_pipe[2][7]  ; Merged with fpga_matrix_core_no_uart:matrix0|a_pipe[10][4] ;
; fpga_matrix_core_no_uart:matrix0|a_pipe[34][4] ; Merged with fpga_matrix_core_no_uart:matrix0|a_pipe[10][4] ;
; fpga_matrix_core_no_uart:matrix0|a_pipe[34][5] ; Merged with fpga_matrix_core_no_uart:matrix0|a_pipe[10][4] ;
; fpga_matrix_core_no_uart:matrix0|a_pipe[34][6] ; Merged with fpga_matrix_core_no_uart:matrix0|a_pipe[10][4] ;
; fpga_matrix_core_no_uart:matrix0|a_pipe[34][7] ; Merged with fpga_matrix_core_no_uart:matrix0|a_pipe[10][4] ;
; fpga_matrix_core_no_uart:matrix0|a_pipe[42][4] ; Merged with fpga_matrix_core_no_uart:matrix0|a_pipe[10][4] ;
; fpga_matrix_core_no_uart:matrix0|a_pipe[42][5] ; Merged with fpga_matrix_core_no_uart:matrix0|a_pipe[10][4] ;
; fpga_matrix_core_no_uart:matrix0|a_pipe[42][6] ; Merged with fpga_matrix_core_no_uart:matrix0|a_pipe[10][4] ;
; fpga_matrix_core_no_uart:matrix0|a_pipe[42][7] ; Merged with fpga_matrix_core_no_uart:matrix0|a_pipe[10][4] ;
; fpga_matrix_core_no_uart:matrix0|a_pipe[50][4] ; Merged with fpga_matrix_core_no_uart:matrix0|a_pipe[10][4] ;
; fpga_matrix_core_no_uart:matrix0|a_pipe[50][5] ; Merged with fpga_matrix_core_no_uart:matrix0|a_pipe[10][4] ;
; fpga_matrix_core_no_uart:matrix0|a_pipe[50][6] ; Merged with fpga_matrix_core_no_uart:matrix0|a_pipe[10][4] ;
; fpga_matrix_core_no_uart:matrix0|a_pipe[50][7] ; Merged with fpga_matrix_core_no_uart:matrix0|a_pipe[10][4] ;
; fpga_matrix_core_no_uart:matrix0|a_pipe[58][4] ; Merged with fpga_matrix_core_no_uart:matrix0|a_pipe[10][4] ;
; fpga_matrix_core_no_uart:matrix0|a_pipe[58][5] ; Merged with fpga_matrix_core_no_uart:matrix0|a_pipe[10][4] ;
; fpga_matrix_core_no_uart:matrix0|a_pipe[58][6] ; Merged with fpga_matrix_core_no_uart:matrix0|a_pipe[10][4] ;
; fpga_matrix_core_no_uart:matrix0|a_pipe[58][7] ; Merged with fpga_matrix_core_no_uart:matrix0|a_pipe[10][4] ;
; fpga_matrix_core_no_uart:matrix0|b_pipe[16][4] ; Merged with fpga_matrix_core_no_uart:matrix0|a_pipe[10][4] ;
; fpga_matrix_core_no_uart:matrix0|b_pipe[16][5] ; Merged with fpga_matrix_core_no_uart:matrix0|a_pipe[10][4] ;
; fpga_matrix_core_no_uart:matrix0|b_pipe[16][6] ; Merged with fpga_matrix_core_no_uart:matrix0|a_pipe[10][4] ;
; fpga_matrix_core_no_uart:matrix0|b_pipe[16][7] ; Merged with fpga_matrix_core_no_uart:matrix0|a_pipe[10][4] ;
; fpga_matrix_core_no_uart:matrix0|b_pipe[17][4] ; Merged with fpga_matrix_core_no_uart:matrix0|a_pipe[10][4] ;
; fpga_matrix_core_no_uart:matrix0|b_pipe[17][5] ; Merged with fpga_matrix_core_no_uart:matrix0|a_pipe[10][4] ;
; fpga_matrix_core_no_uart:matrix0|b_pipe[17][6] ; Merged with fpga_matrix_core_no_uart:matrix0|a_pipe[10][4] ;
; fpga_matrix_core_no_uart:matrix0|b_pipe[17][7] ; Merged with fpga_matrix_core_no_uart:matrix0|a_pipe[10][4] ;
; fpga_matrix_core_no_uart:matrix0|b_pipe[18][4] ; Merged with fpga_matrix_core_no_uart:matrix0|a_pipe[10][4] ;
; fpga_matrix_core_no_uart:matrix0|b_pipe[18][5] ; Merged with fpga_matrix_core_no_uart:matrix0|a_pipe[10][4] ;
; fpga_matrix_core_no_uart:matrix0|b_pipe[18][6] ; Merged with fpga_matrix_core_no_uart:matrix0|a_pipe[10][4] ;
; fpga_matrix_core_no_uart:matrix0|b_pipe[18][7] ; Merged with fpga_matrix_core_no_uart:matrix0|a_pipe[10][4] ;
; fpga_matrix_core_no_uart:matrix0|b_pipe[19][4] ; Merged with fpga_matrix_core_no_uart:matrix0|a_pipe[10][4] ;
; fpga_matrix_core_no_uart:matrix0|b_pipe[19][5] ; Merged with fpga_matrix_core_no_uart:matrix0|a_pipe[10][4] ;
; fpga_matrix_core_no_uart:matrix0|b_pipe[19][6] ; Merged with fpga_matrix_core_no_uart:matrix0|a_pipe[10][4] ;
; fpga_matrix_core_no_uart:matrix0|b_pipe[19][7] ; Merged with fpga_matrix_core_no_uart:matrix0|a_pipe[10][4] ;
; fpga_matrix_core_no_uart:matrix0|b_pipe[20][4] ; Merged with fpga_matrix_core_no_uart:matrix0|a_pipe[10][4] ;
; fpga_matrix_core_no_uart:matrix0|b_pipe[20][5] ; Merged with fpga_matrix_core_no_uart:matrix0|a_pipe[10][4] ;
; fpga_matrix_core_no_uart:matrix0|b_pipe[20][6] ; Merged with fpga_matrix_core_no_uart:matrix0|a_pipe[10][4] ;
; fpga_matrix_core_no_uart:matrix0|b_pipe[20][7] ; Merged with fpga_matrix_core_no_uart:matrix0|a_pipe[10][4] ;
; fpga_matrix_core_no_uart:matrix0|b_pipe[21][4] ; Merged with fpga_matrix_core_no_uart:matrix0|a_pipe[10][4] ;
; fpga_matrix_core_no_uart:matrix0|b_pipe[21][5] ; Merged with fpga_matrix_core_no_uart:matrix0|a_pipe[10][4] ;
; fpga_matrix_core_no_uart:matrix0|b_pipe[21][6] ; Merged with fpga_matrix_core_no_uart:matrix0|a_pipe[10][4] ;
; fpga_matrix_core_no_uart:matrix0|b_pipe[21][7] ; Merged with fpga_matrix_core_no_uart:matrix0|a_pipe[10][4] ;
; fpga_matrix_core_no_uart:matrix0|b_pipe[22][4] ; Merged with fpga_matrix_core_no_uart:matrix0|a_pipe[10][4] ;
; fpga_matrix_core_no_uart:matrix0|b_pipe[22][5] ; Merged with fpga_matrix_core_no_uart:matrix0|a_pipe[10][4] ;
; fpga_matrix_core_no_uart:matrix0|b_pipe[22][6] ; Merged with fpga_matrix_core_no_uart:matrix0|a_pipe[10][4] ;
; fpga_matrix_core_no_uart:matrix0|b_pipe[22][7] ; Merged with fpga_matrix_core_no_uart:matrix0|a_pipe[10][4] ;
; fpga_matrix_core_no_uart:matrix0|b_pipe[23][4] ; Merged with fpga_matrix_core_no_uart:matrix0|a_pipe[10][4] ;
; fpga_matrix_core_no_uart:matrix0|b_pipe[23][5] ; Merged with fpga_matrix_core_no_uart:matrix0|a_pipe[10][4] ;
; fpga_matrix_core_no_uart:matrix0|b_pipe[23][6] ; Merged with fpga_matrix_core_no_uart:matrix0|a_pipe[10][4] ;
; fpga_matrix_core_no_uart:matrix0|b_pipe[23][7] ; Merged with fpga_matrix_core_no_uart:matrix0|a_pipe[10][4] ;
; fpga_matrix_core_no_uart:matrix0|a_pipe[11][5] ; Merged with fpga_matrix_core_no_uart:matrix0|a_pipe[11][4] ;
; fpga_matrix_core_no_uart:matrix0|a_pipe[11][6] ; Merged with fpga_matrix_core_no_uart:matrix0|a_pipe[11][4] ;
; fpga_matrix_core_no_uart:matrix0|a_pipe[11][7] ; Merged with fpga_matrix_core_no_uart:matrix0|a_pipe[11][4] ;
; fpga_matrix_core_no_uart:matrix0|a_pipe[19][4] ; Merged with fpga_matrix_core_no_uart:matrix0|a_pipe[11][4] ;
; fpga_matrix_core_no_uart:matrix0|a_pipe[19][5] ; Merged with fpga_matrix_core_no_uart:matrix0|a_pipe[11][4] ;
; fpga_matrix_core_no_uart:matrix0|a_pipe[19][6] ; Merged with fpga_matrix_core_no_uart:matrix0|a_pipe[11][4] ;
; fpga_matrix_core_no_uart:matrix0|a_pipe[19][7] ; Merged with fpga_matrix_core_no_uart:matrix0|a_pipe[11][4] ;
; fpga_matrix_core_no_uart:matrix0|a_pipe[27][4] ; Merged with fpga_matrix_core_no_uart:matrix0|a_pipe[11][4] ;
; fpga_matrix_core_no_uart:matrix0|a_pipe[27][5] ; Merged with fpga_matrix_core_no_uart:matrix0|a_pipe[11][4] ;
; fpga_matrix_core_no_uart:matrix0|a_pipe[27][6] ; Merged with fpga_matrix_core_no_uart:matrix0|a_pipe[11][4] ;
; fpga_matrix_core_no_uart:matrix0|a_pipe[27][7] ; Merged with fpga_matrix_core_no_uart:matrix0|a_pipe[11][4] ;
; fpga_matrix_core_no_uart:matrix0|a_pipe[35][4] ; Merged with fpga_matrix_core_no_uart:matrix0|a_pipe[11][4] ;
; fpga_matrix_core_no_uart:matrix0|a_pipe[35][5] ; Merged with fpga_matrix_core_no_uart:matrix0|a_pipe[11][4] ;
; fpga_matrix_core_no_uart:matrix0|a_pipe[35][6] ; Merged with fpga_matrix_core_no_uart:matrix0|a_pipe[11][4] ;
; fpga_matrix_core_no_uart:matrix0|a_pipe[35][7] ; Merged with fpga_matrix_core_no_uart:matrix0|a_pipe[11][4] ;
; fpga_matrix_core_no_uart:matrix0|a_pipe[3][4]  ; Merged with fpga_matrix_core_no_uart:matrix0|a_pipe[11][4] ;
; fpga_matrix_core_no_uart:matrix0|a_pipe[3][5]  ; Merged with fpga_matrix_core_no_uart:matrix0|a_pipe[11][4] ;
; fpga_matrix_core_no_uart:matrix0|a_pipe[3][6]  ; Merged with fpga_matrix_core_no_uart:matrix0|a_pipe[11][4] ;
; fpga_matrix_core_no_uart:matrix0|a_pipe[3][7]  ; Merged with fpga_matrix_core_no_uart:matrix0|a_pipe[11][4] ;
; fpga_matrix_core_no_uart:matrix0|a_pipe[43][4] ; Merged with fpga_matrix_core_no_uart:matrix0|a_pipe[11][4] ;
; fpga_matrix_core_no_uart:matrix0|a_pipe[43][5] ; Merged with fpga_matrix_core_no_uart:matrix0|a_pipe[11][4] ;
; fpga_matrix_core_no_uart:matrix0|a_pipe[43][6] ; Merged with fpga_matrix_core_no_uart:matrix0|a_pipe[11][4] ;
; fpga_matrix_core_no_uart:matrix0|a_pipe[43][7] ; Merged with fpga_matrix_core_no_uart:matrix0|a_pipe[11][4] ;
; fpga_matrix_core_no_uart:matrix0|a_pipe[51][4] ; Merged with fpga_matrix_core_no_uart:matrix0|a_pipe[11][4] ;
; fpga_matrix_core_no_uart:matrix0|a_pipe[51][5] ; Merged with fpga_matrix_core_no_uart:matrix0|a_pipe[11][4] ;
; fpga_matrix_core_no_uart:matrix0|a_pipe[51][6] ; Merged with fpga_matrix_core_no_uart:matrix0|a_pipe[11][4] ;
; fpga_matrix_core_no_uart:matrix0|a_pipe[51][7] ; Merged with fpga_matrix_core_no_uart:matrix0|a_pipe[11][4] ;
; fpga_matrix_core_no_uart:matrix0|a_pipe[59][4] ; Merged with fpga_matrix_core_no_uart:matrix0|a_pipe[11][4] ;
; fpga_matrix_core_no_uart:matrix0|a_pipe[59][5] ; Merged with fpga_matrix_core_no_uart:matrix0|a_pipe[11][4] ;
; fpga_matrix_core_no_uart:matrix0|a_pipe[59][6] ; Merged with fpga_matrix_core_no_uart:matrix0|a_pipe[11][4] ;
; fpga_matrix_core_no_uart:matrix0|a_pipe[59][7] ; Merged with fpga_matrix_core_no_uart:matrix0|a_pipe[11][4] ;
; fpga_matrix_core_no_uart:matrix0|b_pipe[24][4] ; Merged with fpga_matrix_core_no_uart:matrix0|a_pipe[11][4] ;
; fpga_matrix_core_no_uart:matrix0|b_pipe[24][5] ; Merged with fpga_matrix_core_no_uart:matrix0|a_pipe[11][4] ;
; fpga_matrix_core_no_uart:matrix0|b_pipe[24][6] ; Merged with fpga_matrix_core_no_uart:matrix0|a_pipe[11][4] ;
; fpga_matrix_core_no_uart:matrix0|b_pipe[24][7] ; Merged with fpga_matrix_core_no_uart:matrix0|a_pipe[11][4] ;
; fpga_matrix_core_no_uart:matrix0|b_pipe[25][4] ; Merged with fpga_matrix_core_no_uart:matrix0|a_pipe[11][4] ;
; fpga_matrix_core_no_uart:matrix0|b_pipe[25][5] ; Merged with fpga_matrix_core_no_uart:matrix0|a_pipe[11][4] ;
; fpga_matrix_core_no_uart:matrix0|b_pipe[25][6] ; Merged with fpga_matrix_core_no_uart:matrix0|a_pipe[11][4] ;
; fpga_matrix_core_no_uart:matrix0|b_pipe[25][7] ; Merged with fpga_matrix_core_no_uart:matrix0|a_pipe[11][4] ;
; fpga_matrix_core_no_uart:matrix0|b_pipe[26][4] ; Merged with fpga_matrix_core_no_uart:matrix0|a_pipe[11][4] ;
; fpga_matrix_core_no_uart:matrix0|b_pipe[26][5] ; Merged with fpga_matrix_core_no_uart:matrix0|a_pipe[11][4] ;
; fpga_matrix_core_no_uart:matrix0|b_pipe[26][6] ; Merged with fpga_matrix_core_no_uart:matrix0|a_pipe[11][4] ;
; fpga_matrix_core_no_uart:matrix0|b_pipe[26][7] ; Merged with fpga_matrix_core_no_uart:matrix0|a_pipe[11][4] ;
; fpga_matrix_core_no_uart:matrix0|b_pipe[27][4] ; Merged with fpga_matrix_core_no_uart:matrix0|a_pipe[11][4] ;
; fpga_matrix_core_no_uart:matrix0|b_pipe[27][5] ; Merged with fpga_matrix_core_no_uart:matrix0|a_pipe[11][4] ;
; fpga_matrix_core_no_uart:matrix0|b_pipe[27][6] ; Merged with fpga_matrix_core_no_uart:matrix0|a_pipe[11][4] ;
; fpga_matrix_core_no_uart:matrix0|b_pipe[27][7] ; Merged with fpga_matrix_core_no_uart:matrix0|a_pipe[11][4] ;
; fpga_matrix_core_no_uart:matrix0|b_pipe[28][4] ; Merged with fpga_matrix_core_no_uart:matrix0|a_pipe[11][4] ;
; fpga_matrix_core_no_uart:matrix0|b_pipe[28][5] ; Merged with fpga_matrix_core_no_uart:matrix0|a_pipe[11][4] ;
; fpga_matrix_core_no_uart:matrix0|b_pipe[28][6] ; Merged with fpga_matrix_core_no_uart:matrix0|a_pipe[11][4] ;
; fpga_matrix_core_no_uart:matrix0|b_pipe[28][7] ; Merged with fpga_matrix_core_no_uart:matrix0|a_pipe[11][4] ;
; fpga_matrix_core_no_uart:matrix0|b_pipe[29][4] ; Merged with fpga_matrix_core_no_uart:matrix0|a_pipe[11][4] ;
; fpga_matrix_core_no_uart:matrix0|b_pipe[29][5] ; Merged with fpga_matrix_core_no_uart:matrix0|a_pipe[11][4] ;
; fpga_matrix_core_no_uart:matrix0|b_pipe[29][6] ; Merged with fpga_matrix_core_no_uart:matrix0|a_pipe[11][4] ;
; fpga_matrix_core_no_uart:matrix0|b_pipe[29][7] ; Merged with fpga_matrix_core_no_uart:matrix0|a_pipe[11][4] ;
; fpga_matrix_core_no_uart:matrix0|b_pipe[30][4] ; Merged with fpga_matrix_core_no_uart:matrix0|a_pipe[11][4] ;
; fpga_matrix_core_no_uart:matrix0|b_pipe[30][5] ; Merged with fpga_matrix_core_no_uart:matrix0|a_pipe[11][4] ;
; fpga_matrix_core_no_uart:matrix0|b_pipe[30][6] ; Merged with fpga_matrix_core_no_uart:matrix0|a_pipe[11][4] ;
; fpga_matrix_core_no_uart:matrix0|b_pipe[30][7] ; Merged with fpga_matrix_core_no_uart:matrix0|a_pipe[11][4] ;
; fpga_matrix_core_no_uart:matrix0|b_pipe[31][4] ; Merged with fpga_matrix_core_no_uart:matrix0|a_pipe[11][4] ;
; fpga_matrix_core_no_uart:matrix0|b_pipe[31][5] ; Merged with fpga_matrix_core_no_uart:matrix0|a_pipe[11][4] ;
; fpga_matrix_core_no_uart:matrix0|b_pipe[31][6] ; Merged with fpga_matrix_core_no_uart:matrix0|a_pipe[11][4] ;
; fpga_matrix_core_no_uart:matrix0|b_pipe[31][7] ; Merged with fpga_matrix_core_no_uart:matrix0|a_pipe[11][4] ;
; fpga_matrix_core_no_uart:matrix0|a_pipe[12][5] ; Merged with fpga_matrix_core_no_uart:matrix0|a_pipe[12][4] ;
; fpga_matrix_core_no_uart:matrix0|a_pipe[12][6] ; Merged with fpga_matrix_core_no_uart:matrix0|a_pipe[12][4] ;
; fpga_matrix_core_no_uart:matrix0|a_pipe[12][7] ; Merged with fpga_matrix_core_no_uart:matrix0|a_pipe[12][4] ;
; fpga_matrix_core_no_uart:matrix0|a_pipe[20][4] ; Merged with fpga_matrix_core_no_uart:matrix0|a_pipe[12][4] ;
; fpga_matrix_core_no_uart:matrix0|a_pipe[20][5] ; Merged with fpga_matrix_core_no_uart:matrix0|a_pipe[12][4] ;
; fpga_matrix_core_no_uart:matrix0|a_pipe[20][6] ; Merged with fpga_matrix_core_no_uart:matrix0|a_pipe[12][4] ;
; fpga_matrix_core_no_uart:matrix0|a_pipe[20][7] ; Merged with fpga_matrix_core_no_uart:matrix0|a_pipe[12][4] ;
; fpga_matrix_core_no_uart:matrix0|a_pipe[28][4] ; Merged with fpga_matrix_core_no_uart:matrix0|a_pipe[12][4] ;
; fpga_matrix_core_no_uart:matrix0|a_pipe[28][5] ; Merged with fpga_matrix_core_no_uart:matrix0|a_pipe[12][4] ;
; fpga_matrix_core_no_uart:matrix0|a_pipe[28][6] ; Merged with fpga_matrix_core_no_uart:matrix0|a_pipe[12][4] ;
; fpga_matrix_core_no_uart:matrix0|a_pipe[28][7] ; Merged with fpga_matrix_core_no_uart:matrix0|a_pipe[12][4] ;
; fpga_matrix_core_no_uart:matrix0|a_pipe[36][4] ; Merged with fpga_matrix_core_no_uart:matrix0|a_pipe[12][4] ;
; fpga_matrix_core_no_uart:matrix0|a_pipe[36][5] ; Merged with fpga_matrix_core_no_uart:matrix0|a_pipe[12][4] ;
; fpga_matrix_core_no_uart:matrix0|a_pipe[36][6] ; Merged with fpga_matrix_core_no_uart:matrix0|a_pipe[12][4] ;
; fpga_matrix_core_no_uart:matrix0|a_pipe[36][7] ; Merged with fpga_matrix_core_no_uart:matrix0|a_pipe[12][4] ;
; fpga_matrix_core_no_uart:matrix0|a_pipe[44][4] ; Merged with fpga_matrix_core_no_uart:matrix0|a_pipe[12][4] ;
; fpga_matrix_core_no_uart:matrix0|a_pipe[44][5] ; Merged with fpga_matrix_core_no_uart:matrix0|a_pipe[12][4] ;
; fpga_matrix_core_no_uart:matrix0|a_pipe[44][6] ; Merged with fpga_matrix_core_no_uart:matrix0|a_pipe[12][4] ;
; fpga_matrix_core_no_uart:matrix0|a_pipe[44][7] ; Merged with fpga_matrix_core_no_uart:matrix0|a_pipe[12][4] ;
; fpga_matrix_core_no_uart:matrix0|a_pipe[4][4]  ; Merged with fpga_matrix_core_no_uart:matrix0|a_pipe[12][4] ;
; fpga_matrix_core_no_uart:matrix0|a_pipe[4][5]  ; Merged with fpga_matrix_core_no_uart:matrix0|a_pipe[12][4] ;
; fpga_matrix_core_no_uart:matrix0|a_pipe[4][6]  ; Merged with fpga_matrix_core_no_uart:matrix0|a_pipe[12][4] ;
; fpga_matrix_core_no_uart:matrix0|a_pipe[4][7]  ; Merged with fpga_matrix_core_no_uart:matrix0|a_pipe[12][4] ;
; fpga_matrix_core_no_uart:matrix0|a_pipe[52][4] ; Merged with fpga_matrix_core_no_uart:matrix0|a_pipe[12][4] ;
; fpga_matrix_core_no_uart:matrix0|a_pipe[52][5] ; Merged with fpga_matrix_core_no_uart:matrix0|a_pipe[12][4] ;
; fpga_matrix_core_no_uart:matrix0|a_pipe[52][6] ; Merged with fpga_matrix_core_no_uart:matrix0|a_pipe[12][4] ;
; fpga_matrix_core_no_uart:matrix0|a_pipe[52][7] ; Merged with fpga_matrix_core_no_uart:matrix0|a_pipe[12][4] ;
; fpga_matrix_core_no_uart:matrix0|a_pipe[60][4] ; Merged with fpga_matrix_core_no_uart:matrix0|a_pipe[12][4] ;
; fpga_matrix_core_no_uart:matrix0|a_pipe[60][5] ; Merged with fpga_matrix_core_no_uart:matrix0|a_pipe[12][4] ;
; fpga_matrix_core_no_uart:matrix0|a_pipe[60][6] ; Merged with fpga_matrix_core_no_uart:matrix0|a_pipe[12][4] ;
; fpga_matrix_core_no_uart:matrix0|a_pipe[60][7] ; Merged with fpga_matrix_core_no_uart:matrix0|a_pipe[12][4] ;
; fpga_matrix_core_no_uart:matrix0|b_pipe[32][4] ; Merged with fpga_matrix_core_no_uart:matrix0|a_pipe[12][4] ;
; fpga_matrix_core_no_uart:matrix0|b_pipe[32][5] ; Merged with fpga_matrix_core_no_uart:matrix0|a_pipe[12][4] ;
; fpga_matrix_core_no_uart:matrix0|b_pipe[32][6] ; Merged with fpga_matrix_core_no_uart:matrix0|a_pipe[12][4] ;
; fpga_matrix_core_no_uart:matrix0|b_pipe[32][7] ; Merged with fpga_matrix_core_no_uart:matrix0|a_pipe[12][4] ;
; fpga_matrix_core_no_uart:matrix0|b_pipe[33][4] ; Merged with fpga_matrix_core_no_uart:matrix0|a_pipe[12][4] ;
; fpga_matrix_core_no_uart:matrix0|b_pipe[33][5] ; Merged with fpga_matrix_core_no_uart:matrix0|a_pipe[12][4] ;
; fpga_matrix_core_no_uart:matrix0|b_pipe[33][6] ; Merged with fpga_matrix_core_no_uart:matrix0|a_pipe[12][4] ;
; fpga_matrix_core_no_uart:matrix0|b_pipe[33][7] ; Merged with fpga_matrix_core_no_uart:matrix0|a_pipe[12][4] ;
; fpga_matrix_core_no_uart:matrix0|b_pipe[34][4] ; Merged with fpga_matrix_core_no_uart:matrix0|a_pipe[12][4] ;
; fpga_matrix_core_no_uart:matrix0|b_pipe[34][5] ; Merged with fpga_matrix_core_no_uart:matrix0|a_pipe[12][4] ;
; fpga_matrix_core_no_uart:matrix0|b_pipe[34][6] ; Merged with fpga_matrix_core_no_uart:matrix0|a_pipe[12][4] ;
; fpga_matrix_core_no_uart:matrix0|b_pipe[34][7] ; Merged with fpga_matrix_core_no_uart:matrix0|a_pipe[12][4] ;
; fpga_matrix_core_no_uart:matrix0|b_pipe[35][4] ; Merged with fpga_matrix_core_no_uart:matrix0|a_pipe[12][4] ;
; fpga_matrix_core_no_uart:matrix0|b_pipe[35][5] ; Merged with fpga_matrix_core_no_uart:matrix0|a_pipe[12][4] ;
; fpga_matrix_core_no_uart:matrix0|b_pipe[35][6] ; Merged with fpga_matrix_core_no_uart:matrix0|a_pipe[12][4] ;
; fpga_matrix_core_no_uart:matrix0|b_pipe[35][7] ; Merged with fpga_matrix_core_no_uart:matrix0|a_pipe[12][4] ;
; fpga_matrix_core_no_uart:matrix0|b_pipe[36][4] ; Merged with fpga_matrix_core_no_uart:matrix0|a_pipe[12][4] ;
; fpga_matrix_core_no_uart:matrix0|b_pipe[36][5] ; Merged with fpga_matrix_core_no_uart:matrix0|a_pipe[12][4] ;
; fpga_matrix_core_no_uart:matrix0|b_pipe[36][6] ; Merged with fpga_matrix_core_no_uart:matrix0|a_pipe[12][4] ;
; fpga_matrix_core_no_uart:matrix0|b_pipe[36][7] ; Merged with fpga_matrix_core_no_uart:matrix0|a_pipe[12][4] ;
; fpga_matrix_core_no_uart:matrix0|b_pipe[37][4] ; Merged with fpga_matrix_core_no_uart:matrix0|a_pipe[12][4] ;
; fpga_matrix_core_no_uart:matrix0|b_pipe[37][5] ; Merged with fpga_matrix_core_no_uart:matrix0|a_pipe[12][4] ;
; fpga_matrix_core_no_uart:matrix0|b_pipe[37][6] ; Merged with fpga_matrix_core_no_uart:matrix0|a_pipe[12][4] ;
; fpga_matrix_core_no_uart:matrix0|b_pipe[37][7] ; Merged with fpga_matrix_core_no_uart:matrix0|a_pipe[12][4] ;
; fpga_matrix_core_no_uart:matrix0|b_pipe[38][4] ; Merged with fpga_matrix_core_no_uart:matrix0|a_pipe[12][4] ;
; fpga_matrix_core_no_uart:matrix0|b_pipe[38][5] ; Merged with fpga_matrix_core_no_uart:matrix0|a_pipe[12][4] ;
; fpga_matrix_core_no_uart:matrix0|b_pipe[38][6] ; Merged with fpga_matrix_core_no_uart:matrix0|a_pipe[12][4] ;
; fpga_matrix_core_no_uart:matrix0|b_pipe[38][7] ; Merged with fpga_matrix_core_no_uart:matrix0|a_pipe[12][4] ;
; fpga_matrix_core_no_uart:matrix0|b_pipe[39][4] ; Merged with fpga_matrix_core_no_uart:matrix0|a_pipe[12][4] ;
; fpga_matrix_core_no_uart:matrix0|b_pipe[39][5] ; Merged with fpga_matrix_core_no_uart:matrix0|a_pipe[12][4] ;
; fpga_matrix_core_no_uart:matrix0|b_pipe[39][6] ; Merged with fpga_matrix_core_no_uart:matrix0|a_pipe[12][4] ;
; fpga_matrix_core_no_uart:matrix0|b_pipe[39][7] ; Merged with fpga_matrix_core_no_uart:matrix0|a_pipe[12][4] ;
; fpga_matrix_core_no_uart:matrix0|a_pipe[13][5] ; Merged with fpga_matrix_core_no_uart:matrix0|a_pipe[13][4] ;
; fpga_matrix_core_no_uart:matrix0|a_pipe[13][6] ; Merged with fpga_matrix_core_no_uart:matrix0|a_pipe[13][4] ;
; fpga_matrix_core_no_uart:matrix0|a_pipe[13][7] ; Merged with fpga_matrix_core_no_uart:matrix0|a_pipe[13][4] ;
; fpga_matrix_core_no_uart:matrix0|a_pipe[21][4] ; Merged with fpga_matrix_core_no_uart:matrix0|a_pipe[13][4] ;
; fpga_matrix_core_no_uart:matrix0|a_pipe[21][5] ; Merged with fpga_matrix_core_no_uart:matrix0|a_pipe[13][4] ;
; fpga_matrix_core_no_uart:matrix0|a_pipe[21][6] ; Merged with fpga_matrix_core_no_uart:matrix0|a_pipe[13][4] ;
; fpga_matrix_core_no_uart:matrix0|a_pipe[21][7] ; Merged with fpga_matrix_core_no_uart:matrix0|a_pipe[13][4] ;
; fpga_matrix_core_no_uart:matrix0|a_pipe[29][4] ; Merged with fpga_matrix_core_no_uart:matrix0|a_pipe[13][4] ;
; fpga_matrix_core_no_uart:matrix0|a_pipe[29][5] ; Merged with fpga_matrix_core_no_uart:matrix0|a_pipe[13][4] ;
; fpga_matrix_core_no_uart:matrix0|a_pipe[29][6] ; Merged with fpga_matrix_core_no_uart:matrix0|a_pipe[13][4] ;
; fpga_matrix_core_no_uart:matrix0|a_pipe[29][7] ; Merged with fpga_matrix_core_no_uart:matrix0|a_pipe[13][4] ;
; fpga_matrix_core_no_uart:matrix0|a_pipe[37][4] ; Merged with fpga_matrix_core_no_uart:matrix0|a_pipe[13][4] ;
; fpga_matrix_core_no_uart:matrix0|a_pipe[37][5] ; Merged with fpga_matrix_core_no_uart:matrix0|a_pipe[13][4] ;
; fpga_matrix_core_no_uart:matrix0|a_pipe[37][6] ; Merged with fpga_matrix_core_no_uart:matrix0|a_pipe[13][4] ;
; fpga_matrix_core_no_uart:matrix0|a_pipe[37][7] ; Merged with fpga_matrix_core_no_uart:matrix0|a_pipe[13][4] ;
; fpga_matrix_core_no_uart:matrix0|a_pipe[45][4] ; Merged with fpga_matrix_core_no_uart:matrix0|a_pipe[13][4] ;
; fpga_matrix_core_no_uart:matrix0|a_pipe[45][5] ; Merged with fpga_matrix_core_no_uart:matrix0|a_pipe[13][4] ;
; fpga_matrix_core_no_uart:matrix0|a_pipe[45][6] ; Merged with fpga_matrix_core_no_uart:matrix0|a_pipe[13][4] ;
; fpga_matrix_core_no_uart:matrix0|a_pipe[45][7] ; Merged with fpga_matrix_core_no_uart:matrix0|a_pipe[13][4] ;
; fpga_matrix_core_no_uart:matrix0|a_pipe[53][4] ; Merged with fpga_matrix_core_no_uart:matrix0|a_pipe[13][4] ;
; fpga_matrix_core_no_uart:matrix0|a_pipe[53][5] ; Merged with fpga_matrix_core_no_uart:matrix0|a_pipe[13][4] ;
; fpga_matrix_core_no_uart:matrix0|a_pipe[53][6] ; Merged with fpga_matrix_core_no_uart:matrix0|a_pipe[13][4] ;
; fpga_matrix_core_no_uart:matrix0|a_pipe[53][7] ; Merged with fpga_matrix_core_no_uart:matrix0|a_pipe[13][4] ;
; fpga_matrix_core_no_uart:matrix0|a_pipe[5][4]  ; Merged with fpga_matrix_core_no_uart:matrix0|a_pipe[13][4] ;
; fpga_matrix_core_no_uart:matrix0|a_pipe[5][5]  ; Merged with fpga_matrix_core_no_uart:matrix0|a_pipe[13][4] ;
; fpga_matrix_core_no_uart:matrix0|a_pipe[5][6]  ; Merged with fpga_matrix_core_no_uart:matrix0|a_pipe[13][4] ;
; fpga_matrix_core_no_uart:matrix0|a_pipe[5][7]  ; Merged with fpga_matrix_core_no_uart:matrix0|a_pipe[13][4] ;
; fpga_matrix_core_no_uart:matrix0|a_pipe[61][4] ; Merged with fpga_matrix_core_no_uart:matrix0|a_pipe[13][4] ;
; fpga_matrix_core_no_uart:matrix0|a_pipe[61][5] ; Merged with fpga_matrix_core_no_uart:matrix0|a_pipe[13][4] ;
; fpga_matrix_core_no_uart:matrix0|a_pipe[61][6] ; Merged with fpga_matrix_core_no_uart:matrix0|a_pipe[13][4] ;
; fpga_matrix_core_no_uart:matrix0|a_pipe[61][7] ; Merged with fpga_matrix_core_no_uart:matrix0|a_pipe[13][4] ;
; fpga_matrix_core_no_uart:matrix0|b_pipe[40][4] ; Merged with fpga_matrix_core_no_uart:matrix0|a_pipe[13][4] ;
; fpga_matrix_core_no_uart:matrix0|b_pipe[40][5] ; Merged with fpga_matrix_core_no_uart:matrix0|a_pipe[13][4] ;
; fpga_matrix_core_no_uart:matrix0|b_pipe[40][6] ; Merged with fpga_matrix_core_no_uart:matrix0|a_pipe[13][4] ;
; fpga_matrix_core_no_uart:matrix0|b_pipe[40][7] ; Merged with fpga_matrix_core_no_uart:matrix0|a_pipe[13][4] ;
; fpga_matrix_core_no_uart:matrix0|b_pipe[41][4] ; Merged with fpga_matrix_core_no_uart:matrix0|a_pipe[13][4] ;
; fpga_matrix_core_no_uart:matrix0|b_pipe[41][5] ; Merged with fpga_matrix_core_no_uart:matrix0|a_pipe[13][4] ;
; fpga_matrix_core_no_uart:matrix0|b_pipe[41][6] ; Merged with fpga_matrix_core_no_uart:matrix0|a_pipe[13][4] ;
; fpga_matrix_core_no_uart:matrix0|b_pipe[41][7] ; Merged with fpga_matrix_core_no_uart:matrix0|a_pipe[13][4] ;
; fpga_matrix_core_no_uart:matrix0|b_pipe[42][4] ; Merged with fpga_matrix_core_no_uart:matrix0|a_pipe[13][4] ;
; fpga_matrix_core_no_uart:matrix0|b_pipe[42][5] ; Merged with fpga_matrix_core_no_uart:matrix0|a_pipe[13][4] ;
; fpga_matrix_core_no_uart:matrix0|b_pipe[42][6] ; Merged with fpga_matrix_core_no_uart:matrix0|a_pipe[13][4] ;
; fpga_matrix_core_no_uart:matrix0|b_pipe[42][7] ; Merged with fpga_matrix_core_no_uart:matrix0|a_pipe[13][4] ;
; fpga_matrix_core_no_uart:matrix0|b_pipe[43][4] ; Merged with fpga_matrix_core_no_uart:matrix0|a_pipe[13][4] ;
; fpga_matrix_core_no_uart:matrix0|b_pipe[43][5] ; Merged with fpga_matrix_core_no_uart:matrix0|a_pipe[13][4] ;
; fpga_matrix_core_no_uart:matrix0|b_pipe[43][6] ; Merged with fpga_matrix_core_no_uart:matrix0|a_pipe[13][4] ;
; fpga_matrix_core_no_uart:matrix0|b_pipe[43][7] ; Merged with fpga_matrix_core_no_uart:matrix0|a_pipe[13][4] ;
; fpga_matrix_core_no_uart:matrix0|b_pipe[44][4] ; Merged with fpga_matrix_core_no_uart:matrix0|a_pipe[13][4] ;
; fpga_matrix_core_no_uart:matrix0|b_pipe[44][5] ; Merged with fpga_matrix_core_no_uart:matrix0|a_pipe[13][4] ;
; fpga_matrix_core_no_uart:matrix0|b_pipe[44][6] ; Merged with fpga_matrix_core_no_uart:matrix0|a_pipe[13][4] ;
; fpga_matrix_core_no_uart:matrix0|b_pipe[44][7] ; Merged with fpga_matrix_core_no_uart:matrix0|a_pipe[13][4] ;
; fpga_matrix_core_no_uart:matrix0|b_pipe[45][4] ; Merged with fpga_matrix_core_no_uart:matrix0|a_pipe[13][4] ;
; fpga_matrix_core_no_uart:matrix0|b_pipe[45][5] ; Merged with fpga_matrix_core_no_uart:matrix0|a_pipe[13][4] ;
; fpga_matrix_core_no_uart:matrix0|b_pipe[45][6] ; Merged with fpga_matrix_core_no_uart:matrix0|a_pipe[13][4] ;
; fpga_matrix_core_no_uart:matrix0|b_pipe[45][7] ; Merged with fpga_matrix_core_no_uart:matrix0|a_pipe[13][4] ;
; fpga_matrix_core_no_uart:matrix0|b_pipe[46][4] ; Merged with fpga_matrix_core_no_uart:matrix0|a_pipe[13][4] ;
; fpga_matrix_core_no_uart:matrix0|b_pipe[46][5] ; Merged with fpga_matrix_core_no_uart:matrix0|a_pipe[13][4] ;
; fpga_matrix_core_no_uart:matrix0|b_pipe[46][6] ; Merged with fpga_matrix_core_no_uart:matrix0|a_pipe[13][4] ;
; fpga_matrix_core_no_uart:matrix0|b_pipe[46][7] ; Merged with fpga_matrix_core_no_uart:matrix0|a_pipe[13][4] ;
; fpga_matrix_core_no_uart:matrix0|b_pipe[47][4] ; Merged with fpga_matrix_core_no_uart:matrix0|a_pipe[13][4] ;
; fpga_matrix_core_no_uart:matrix0|b_pipe[47][5] ; Merged with fpga_matrix_core_no_uart:matrix0|a_pipe[13][4] ;
; fpga_matrix_core_no_uart:matrix0|b_pipe[47][6] ; Merged with fpga_matrix_core_no_uart:matrix0|a_pipe[13][4] ;
; fpga_matrix_core_no_uart:matrix0|b_pipe[47][7] ; Merged with fpga_matrix_core_no_uart:matrix0|a_pipe[13][4] ;
; fpga_matrix_core_no_uart:matrix0|a_pipe[14][5] ; Merged with fpga_matrix_core_no_uart:matrix0|a_pipe[14][4] ;
; fpga_matrix_core_no_uart:matrix0|a_pipe[14][6] ; Merged with fpga_matrix_core_no_uart:matrix0|a_pipe[14][4] ;
; fpga_matrix_core_no_uart:matrix0|a_pipe[14][7] ; Merged with fpga_matrix_core_no_uart:matrix0|a_pipe[14][4] ;
; fpga_matrix_core_no_uart:matrix0|a_pipe[22][4] ; Merged with fpga_matrix_core_no_uart:matrix0|a_pipe[14][4] ;
; fpga_matrix_core_no_uart:matrix0|a_pipe[22][5] ; Merged with fpga_matrix_core_no_uart:matrix0|a_pipe[14][4] ;
; fpga_matrix_core_no_uart:matrix0|a_pipe[22][6] ; Merged with fpga_matrix_core_no_uart:matrix0|a_pipe[14][4] ;
; fpga_matrix_core_no_uart:matrix0|a_pipe[22][7] ; Merged with fpga_matrix_core_no_uart:matrix0|a_pipe[14][4] ;
; fpga_matrix_core_no_uart:matrix0|a_pipe[30][4] ; Merged with fpga_matrix_core_no_uart:matrix0|a_pipe[14][4] ;
; fpga_matrix_core_no_uart:matrix0|a_pipe[30][5] ; Merged with fpga_matrix_core_no_uart:matrix0|a_pipe[14][4] ;
; fpga_matrix_core_no_uart:matrix0|a_pipe[30][6] ; Merged with fpga_matrix_core_no_uart:matrix0|a_pipe[14][4] ;
; fpga_matrix_core_no_uart:matrix0|a_pipe[30][7] ; Merged with fpga_matrix_core_no_uart:matrix0|a_pipe[14][4] ;
; fpga_matrix_core_no_uart:matrix0|a_pipe[38][4] ; Merged with fpga_matrix_core_no_uart:matrix0|a_pipe[14][4] ;
; fpga_matrix_core_no_uart:matrix0|a_pipe[38][5] ; Merged with fpga_matrix_core_no_uart:matrix0|a_pipe[14][4] ;
; fpga_matrix_core_no_uart:matrix0|a_pipe[38][6] ; Merged with fpga_matrix_core_no_uart:matrix0|a_pipe[14][4] ;
; fpga_matrix_core_no_uart:matrix0|a_pipe[38][7] ; Merged with fpga_matrix_core_no_uart:matrix0|a_pipe[14][4] ;
; fpga_matrix_core_no_uart:matrix0|a_pipe[46][4] ; Merged with fpga_matrix_core_no_uart:matrix0|a_pipe[14][4] ;
; fpga_matrix_core_no_uart:matrix0|a_pipe[46][5] ; Merged with fpga_matrix_core_no_uart:matrix0|a_pipe[14][4] ;
; fpga_matrix_core_no_uart:matrix0|a_pipe[46][6] ; Merged with fpga_matrix_core_no_uart:matrix0|a_pipe[14][4] ;
; fpga_matrix_core_no_uart:matrix0|a_pipe[46][7] ; Merged with fpga_matrix_core_no_uart:matrix0|a_pipe[14][4] ;
; fpga_matrix_core_no_uart:matrix0|a_pipe[54][4] ; Merged with fpga_matrix_core_no_uart:matrix0|a_pipe[14][4] ;
; fpga_matrix_core_no_uart:matrix0|a_pipe[54][5] ; Merged with fpga_matrix_core_no_uart:matrix0|a_pipe[14][4] ;
; fpga_matrix_core_no_uart:matrix0|a_pipe[54][6] ; Merged with fpga_matrix_core_no_uart:matrix0|a_pipe[14][4] ;
; fpga_matrix_core_no_uart:matrix0|a_pipe[54][7] ; Merged with fpga_matrix_core_no_uart:matrix0|a_pipe[14][4] ;
; fpga_matrix_core_no_uart:matrix0|a_pipe[62][4] ; Merged with fpga_matrix_core_no_uart:matrix0|a_pipe[14][4] ;
; fpga_matrix_core_no_uart:matrix0|a_pipe[62][5] ; Merged with fpga_matrix_core_no_uart:matrix0|a_pipe[14][4] ;
; fpga_matrix_core_no_uart:matrix0|a_pipe[62][6] ; Merged with fpga_matrix_core_no_uart:matrix0|a_pipe[14][4] ;
; fpga_matrix_core_no_uart:matrix0|a_pipe[62][7] ; Merged with fpga_matrix_core_no_uart:matrix0|a_pipe[14][4] ;
; fpga_matrix_core_no_uart:matrix0|a_pipe[6][4]  ; Merged with fpga_matrix_core_no_uart:matrix0|a_pipe[14][4] ;
; fpga_matrix_core_no_uart:matrix0|a_pipe[6][5]  ; Merged with fpga_matrix_core_no_uart:matrix0|a_pipe[14][4] ;
; fpga_matrix_core_no_uart:matrix0|a_pipe[6][6]  ; Merged with fpga_matrix_core_no_uart:matrix0|a_pipe[14][4] ;
; fpga_matrix_core_no_uart:matrix0|a_pipe[6][7]  ; Merged with fpga_matrix_core_no_uart:matrix0|a_pipe[14][4] ;
; fpga_matrix_core_no_uart:matrix0|b_pipe[48][4] ; Merged with fpga_matrix_core_no_uart:matrix0|a_pipe[14][4] ;
; fpga_matrix_core_no_uart:matrix0|b_pipe[48][5] ; Merged with fpga_matrix_core_no_uart:matrix0|a_pipe[14][4] ;
; fpga_matrix_core_no_uart:matrix0|b_pipe[48][6] ; Merged with fpga_matrix_core_no_uart:matrix0|a_pipe[14][4] ;
; fpga_matrix_core_no_uart:matrix0|b_pipe[48][7] ; Merged with fpga_matrix_core_no_uart:matrix0|a_pipe[14][4] ;
; fpga_matrix_core_no_uart:matrix0|b_pipe[49][4] ; Merged with fpga_matrix_core_no_uart:matrix0|a_pipe[14][4] ;
; fpga_matrix_core_no_uart:matrix0|b_pipe[49][5] ; Merged with fpga_matrix_core_no_uart:matrix0|a_pipe[14][4] ;
; fpga_matrix_core_no_uart:matrix0|b_pipe[49][6] ; Merged with fpga_matrix_core_no_uart:matrix0|a_pipe[14][4] ;
; fpga_matrix_core_no_uart:matrix0|b_pipe[49][7] ; Merged with fpga_matrix_core_no_uart:matrix0|a_pipe[14][4] ;
; fpga_matrix_core_no_uart:matrix0|b_pipe[50][4] ; Merged with fpga_matrix_core_no_uart:matrix0|a_pipe[14][4] ;
; fpga_matrix_core_no_uart:matrix0|b_pipe[50][5] ; Merged with fpga_matrix_core_no_uart:matrix0|a_pipe[14][4] ;
; fpga_matrix_core_no_uart:matrix0|b_pipe[50][6] ; Merged with fpga_matrix_core_no_uart:matrix0|a_pipe[14][4] ;
; fpga_matrix_core_no_uart:matrix0|b_pipe[50][7] ; Merged with fpga_matrix_core_no_uart:matrix0|a_pipe[14][4] ;
; fpga_matrix_core_no_uart:matrix0|b_pipe[51][4] ; Merged with fpga_matrix_core_no_uart:matrix0|a_pipe[14][4] ;
; fpga_matrix_core_no_uart:matrix0|b_pipe[51][5] ; Merged with fpga_matrix_core_no_uart:matrix0|a_pipe[14][4] ;
; fpga_matrix_core_no_uart:matrix0|b_pipe[51][6] ; Merged with fpga_matrix_core_no_uart:matrix0|a_pipe[14][4] ;
; fpga_matrix_core_no_uart:matrix0|b_pipe[51][7] ; Merged with fpga_matrix_core_no_uart:matrix0|a_pipe[14][4] ;
; fpga_matrix_core_no_uart:matrix0|b_pipe[52][4] ; Merged with fpga_matrix_core_no_uart:matrix0|a_pipe[14][4] ;
; fpga_matrix_core_no_uart:matrix0|b_pipe[52][5] ; Merged with fpga_matrix_core_no_uart:matrix0|a_pipe[14][4] ;
; fpga_matrix_core_no_uart:matrix0|b_pipe[52][6] ; Merged with fpga_matrix_core_no_uart:matrix0|a_pipe[14][4] ;
; fpga_matrix_core_no_uart:matrix0|b_pipe[52][7] ; Merged with fpga_matrix_core_no_uart:matrix0|a_pipe[14][4] ;
; fpga_matrix_core_no_uart:matrix0|b_pipe[53][4] ; Merged with fpga_matrix_core_no_uart:matrix0|a_pipe[14][4] ;
; fpga_matrix_core_no_uart:matrix0|b_pipe[53][5] ; Merged with fpga_matrix_core_no_uart:matrix0|a_pipe[14][4] ;
; fpga_matrix_core_no_uart:matrix0|b_pipe[53][6] ; Merged with fpga_matrix_core_no_uart:matrix0|a_pipe[14][4] ;
; fpga_matrix_core_no_uart:matrix0|b_pipe[53][7] ; Merged with fpga_matrix_core_no_uart:matrix0|a_pipe[14][4] ;
; fpga_matrix_core_no_uart:matrix0|b_pipe[54][4] ; Merged with fpga_matrix_core_no_uart:matrix0|a_pipe[14][4] ;
; fpga_matrix_core_no_uart:matrix0|b_pipe[54][5] ; Merged with fpga_matrix_core_no_uart:matrix0|a_pipe[14][4] ;
; fpga_matrix_core_no_uart:matrix0|b_pipe[54][6] ; Merged with fpga_matrix_core_no_uart:matrix0|a_pipe[14][4] ;
; fpga_matrix_core_no_uart:matrix0|b_pipe[54][7] ; Merged with fpga_matrix_core_no_uart:matrix0|a_pipe[14][4] ;
; fpga_matrix_core_no_uart:matrix0|b_pipe[55][4] ; Merged with fpga_matrix_core_no_uart:matrix0|a_pipe[14][4] ;
; fpga_matrix_core_no_uart:matrix0|b_pipe[55][5] ; Merged with fpga_matrix_core_no_uart:matrix0|a_pipe[14][4] ;
; fpga_matrix_core_no_uart:matrix0|b_pipe[55][6] ; Merged with fpga_matrix_core_no_uart:matrix0|a_pipe[14][4] ;
; fpga_matrix_core_no_uart:matrix0|b_pipe[55][7] ; Merged with fpga_matrix_core_no_uart:matrix0|a_pipe[14][4] ;
; fpga_matrix_core_no_uart:matrix0|a_pipe[15][5] ; Merged with fpga_matrix_core_no_uart:matrix0|a_pipe[15][4] ;
; fpga_matrix_core_no_uart:matrix0|a_pipe[15][6] ; Merged with fpga_matrix_core_no_uart:matrix0|a_pipe[15][4] ;
; fpga_matrix_core_no_uart:matrix0|a_pipe[15][7] ; Merged with fpga_matrix_core_no_uart:matrix0|a_pipe[15][4] ;
; fpga_matrix_core_no_uart:matrix0|a_pipe[23][4] ; Merged with fpga_matrix_core_no_uart:matrix0|a_pipe[15][4] ;
; fpga_matrix_core_no_uart:matrix0|a_pipe[23][5] ; Merged with fpga_matrix_core_no_uart:matrix0|a_pipe[15][4] ;
; fpga_matrix_core_no_uart:matrix0|a_pipe[23][6] ; Merged with fpga_matrix_core_no_uart:matrix0|a_pipe[15][4] ;
; fpga_matrix_core_no_uart:matrix0|a_pipe[23][7] ; Merged with fpga_matrix_core_no_uart:matrix0|a_pipe[15][4] ;
; fpga_matrix_core_no_uart:matrix0|a_pipe[31][4] ; Merged with fpga_matrix_core_no_uart:matrix0|a_pipe[15][4] ;
; fpga_matrix_core_no_uart:matrix0|a_pipe[31][5] ; Merged with fpga_matrix_core_no_uart:matrix0|a_pipe[15][4] ;
; fpga_matrix_core_no_uart:matrix0|a_pipe[31][6] ; Merged with fpga_matrix_core_no_uart:matrix0|a_pipe[15][4] ;
; fpga_matrix_core_no_uart:matrix0|a_pipe[31][7] ; Merged with fpga_matrix_core_no_uart:matrix0|a_pipe[15][4] ;
; fpga_matrix_core_no_uart:matrix0|a_pipe[39][4] ; Merged with fpga_matrix_core_no_uart:matrix0|a_pipe[15][4] ;
; fpga_matrix_core_no_uart:matrix0|a_pipe[39][5] ; Merged with fpga_matrix_core_no_uart:matrix0|a_pipe[15][4] ;
; fpga_matrix_core_no_uart:matrix0|a_pipe[39][6] ; Merged with fpga_matrix_core_no_uart:matrix0|a_pipe[15][4] ;
; fpga_matrix_core_no_uart:matrix0|a_pipe[39][7] ; Merged with fpga_matrix_core_no_uart:matrix0|a_pipe[15][4] ;
; fpga_matrix_core_no_uart:matrix0|a_pipe[47][4] ; Merged with fpga_matrix_core_no_uart:matrix0|a_pipe[15][4] ;
; fpga_matrix_core_no_uart:matrix0|a_pipe[47][5] ; Merged with fpga_matrix_core_no_uart:matrix0|a_pipe[15][4] ;
; fpga_matrix_core_no_uart:matrix0|a_pipe[47][6] ; Merged with fpga_matrix_core_no_uart:matrix0|a_pipe[15][4] ;
; fpga_matrix_core_no_uart:matrix0|a_pipe[47][7] ; Merged with fpga_matrix_core_no_uart:matrix0|a_pipe[15][4] ;
; fpga_matrix_core_no_uart:matrix0|a_pipe[55][4] ; Merged with fpga_matrix_core_no_uart:matrix0|a_pipe[15][4] ;
; fpga_matrix_core_no_uart:matrix0|a_pipe[55][5] ; Merged with fpga_matrix_core_no_uart:matrix0|a_pipe[15][4] ;
; fpga_matrix_core_no_uart:matrix0|a_pipe[55][6] ; Merged with fpga_matrix_core_no_uart:matrix0|a_pipe[15][4] ;
; fpga_matrix_core_no_uart:matrix0|a_pipe[55][7] ; Merged with fpga_matrix_core_no_uart:matrix0|a_pipe[15][4] ;
; fpga_matrix_core_no_uart:matrix0|a_pipe[63][4] ; Merged with fpga_matrix_core_no_uart:matrix0|a_pipe[15][4] ;
; fpga_matrix_core_no_uart:matrix0|a_pipe[63][5] ; Merged with fpga_matrix_core_no_uart:matrix0|a_pipe[15][4] ;
; fpga_matrix_core_no_uart:matrix0|a_pipe[63][6] ; Merged with fpga_matrix_core_no_uart:matrix0|a_pipe[15][4] ;
; fpga_matrix_core_no_uart:matrix0|a_pipe[63][7] ; Merged with fpga_matrix_core_no_uart:matrix0|a_pipe[15][4] ;
; fpga_matrix_core_no_uart:matrix0|a_pipe[7][4]  ; Merged with fpga_matrix_core_no_uart:matrix0|a_pipe[15][4] ;
; fpga_matrix_core_no_uart:matrix0|a_pipe[7][5]  ; Merged with fpga_matrix_core_no_uart:matrix0|a_pipe[15][4] ;
; fpga_matrix_core_no_uart:matrix0|a_pipe[7][6]  ; Merged with fpga_matrix_core_no_uart:matrix0|a_pipe[15][4] ;
; fpga_matrix_core_no_uart:matrix0|a_pipe[7][7]  ; Merged with fpga_matrix_core_no_uart:matrix0|a_pipe[15][4] ;
; fpga_matrix_core_no_uart:matrix0|b_pipe[56][4] ; Merged with fpga_matrix_core_no_uart:matrix0|a_pipe[15][4] ;
; fpga_matrix_core_no_uart:matrix0|b_pipe[56][5] ; Merged with fpga_matrix_core_no_uart:matrix0|a_pipe[15][4] ;
; fpga_matrix_core_no_uart:matrix0|b_pipe[56][6] ; Merged with fpga_matrix_core_no_uart:matrix0|a_pipe[15][4] ;
; fpga_matrix_core_no_uart:matrix0|b_pipe[56][7] ; Merged with fpga_matrix_core_no_uart:matrix0|a_pipe[15][4] ;
; fpga_matrix_core_no_uart:matrix0|b_pipe[57][4] ; Merged with fpga_matrix_core_no_uart:matrix0|a_pipe[15][4] ;
; fpga_matrix_core_no_uart:matrix0|b_pipe[57][5] ; Merged with fpga_matrix_core_no_uart:matrix0|a_pipe[15][4] ;
; fpga_matrix_core_no_uart:matrix0|b_pipe[57][6] ; Merged with fpga_matrix_core_no_uart:matrix0|a_pipe[15][4] ;
; fpga_matrix_core_no_uart:matrix0|b_pipe[57][7] ; Merged with fpga_matrix_core_no_uart:matrix0|a_pipe[15][4] ;
; fpga_matrix_core_no_uart:matrix0|b_pipe[58][4] ; Merged with fpga_matrix_core_no_uart:matrix0|a_pipe[15][4] ;
; fpga_matrix_core_no_uart:matrix0|b_pipe[58][5] ; Merged with fpga_matrix_core_no_uart:matrix0|a_pipe[15][4] ;
; fpga_matrix_core_no_uart:matrix0|b_pipe[58][6] ; Merged with fpga_matrix_core_no_uart:matrix0|a_pipe[15][4] ;
; fpga_matrix_core_no_uart:matrix0|b_pipe[58][7] ; Merged with fpga_matrix_core_no_uart:matrix0|a_pipe[15][4] ;
; fpga_matrix_core_no_uart:matrix0|b_pipe[59][4] ; Merged with fpga_matrix_core_no_uart:matrix0|a_pipe[15][4] ;
; fpga_matrix_core_no_uart:matrix0|b_pipe[59][5] ; Merged with fpga_matrix_core_no_uart:matrix0|a_pipe[15][4] ;
; fpga_matrix_core_no_uart:matrix0|b_pipe[59][6] ; Merged with fpga_matrix_core_no_uart:matrix0|a_pipe[15][4] ;
; fpga_matrix_core_no_uart:matrix0|b_pipe[59][7] ; Merged with fpga_matrix_core_no_uart:matrix0|a_pipe[15][4] ;
; fpga_matrix_core_no_uart:matrix0|b_pipe[60][4] ; Merged with fpga_matrix_core_no_uart:matrix0|a_pipe[15][4] ;
; fpga_matrix_core_no_uart:matrix0|b_pipe[60][5] ; Merged with fpga_matrix_core_no_uart:matrix0|a_pipe[15][4] ;
; fpga_matrix_core_no_uart:matrix0|b_pipe[60][6] ; Merged with fpga_matrix_core_no_uart:matrix0|a_pipe[15][4] ;
; fpga_matrix_core_no_uart:matrix0|b_pipe[60][7] ; Merged with fpga_matrix_core_no_uart:matrix0|a_pipe[15][4] ;
; fpga_matrix_core_no_uart:matrix0|b_pipe[61][4] ; Merged with fpga_matrix_core_no_uart:matrix0|a_pipe[15][4] ;
; fpga_matrix_core_no_uart:matrix0|b_pipe[61][5] ; Merged with fpga_matrix_core_no_uart:matrix0|a_pipe[15][4] ;
; fpga_matrix_core_no_uart:matrix0|b_pipe[61][6] ; Merged with fpga_matrix_core_no_uart:matrix0|a_pipe[15][4] ;
; fpga_matrix_core_no_uart:matrix0|b_pipe[61][7] ; Merged with fpga_matrix_core_no_uart:matrix0|a_pipe[15][4] ;
; fpga_matrix_core_no_uart:matrix0|b_pipe[62][4] ; Merged with fpga_matrix_core_no_uart:matrix0|a_pipe[15][4] ;
; fpga_matrix_core_no_uart:matrix0|b_pipe[62][5] ; Merged with fpga_matrix_core_no_uart:matrix0|a_pipe[15][4] ;
; fpga_matrix_core_no_uart:matrix0|b_pipe[62][6] ; Merged with fpga_matrix_core_no_uart:matrix0|a_pipe[15][4] ;
; fpga_matrix_core_no_uart:matrix0|b_pipe[62][7] ; Merged with fpga_matrix_core_no_uart:matrix0|a_pipe[15][4] ;
; fpga_matrix_core_no_uart:matrix0|b_pipe[63][4] ; Merged with fpga_matrix_core_no_uart:matrix0|a_pipe[15][4] ;
; fpga_matrix_core_no_uart:matrix0|b_pipe[63][5] ; Merged with fpga_matrix_core_no_uart:matrix0|a_pipe[15][4] ;
; fpga_matrix_core_no_uart:matrix0|b_pipe[63][6] ; Merged with fpga_matrix_core_no_uart:matrix0|a_pipe[15][4] ;
; fpga_matrix_core_no_uart:matrix0|b_pipe[63][7] ; Merged with fpga_matrix_core_no_uart:matrix0|a_pipe[15][4] ;
; fpga_matrix_core_no_uart:matrix0|state~8       ; Lost fanout                                                ;
; fpga_matrix_core_no_uart:matrix0|state~9       ; Lost fanout                                                ;
; fpga_matrix_core_no_uart:matrix0|state~10      ; Lost fanout                                                ;
; fpga_matrix_core_no_uart:matrix0|state~11      ; Lost fanout                                                ;
; fpga_matrix_core_no_uart:matrix0|a_pipe[0][4]  ; Stuck at GND due to stuck port data_in                     ;
; fpga_matrix_core_no_uart:matrix0|a_pipe[17][4] ; Stuck at GND due to stuck port data_in                     ;
; fpga_matrix_core_no_uart:matrix0|a_pipe[10][4] ; Stuck at GND due to stuck port data_in                     ;
; fpga_matrix_core_no_uart:matrix0|a_pipe[11][4] ; Stuck at GND due to stuck port data_in                     ;
; fpga_matrix_core_no_uart:matrix0|a_pipe[12][4] ; Stuck at GND due to stuck port data_in                     ;
; fpga_matrix_core_no_uart:matrix0|a_pipe[13][4] ; Stuck at GND due to stuck port data_in                     ;
; fpga_matrix_core_no_uart:matrix0|a_pipe[14][4] ; Stuck at GND due to stuck port data_in                     ;
; fpga_matrix_core_no_uart:matrix0|a_pipe[15][4] ; Stuck at GND due to stuck port data_in                     ;
; Total Number of Removed Registers = 516        ;                                                            ;
+------------------------------------------------+------------------------------------------------------------+


+------------------------------------------------------+
; General Register Statistics                          ;
+----------------------------------------------+-------+
; Statistic                                    ; Value ;
+----------------------------------------------+-------+
; Total registers                              ; 2672  ;
; Number of registers using Synchronous Clear  ; 2621  ;
; Number of registers using Synchronous Load   ; 1024  ;
; Number of registers using Asynchronous Clear ; 2672  ;
; Number of registers using Asynchronous Load  ; 0     ;
; Number of registers using Clock Enable       ; 2630  ;
; Number of registers using Preset             ; 0     ;
+----------------------------------------------+-------+


+--------------------------------------------------+
; Inverted Register Statistics                     ;
+----------------------------------------+---------+
; Inverted Register                      ; Fan out ;
+----------------------------------------+---------+
; key2_stable                            ; 4       ;
; key2_stable_d                          ; 1       ;
; key2_sync1                             ; 2       ;
; key2_sync0                             ; 1       ;
; Total number of inverted registers = 4 ;         ;
+----------------------------------------+---------+


+----------------------------------------------------------------------------------------------------------------------------------------------------------------------------------+
; Multiplexer Restructuring Statistics (Restructuring Performed)                                                                                                                   ;
+--------------------+-----------+---------------+----------------------+------------------------+------------+--------------------------------------------------------------------+
; Multiplexer Inputs ; Bus Width ; Baseline Area ; Area if Restructured ; Saving if Restructured ; Registered ; Example Multiplexer Output                                         ;
+--------------------+-----------+---------------+----------------------+------------------------+------------+--------------------------------------------------------------------+
; 3:1                ; 20 bits   ; 40 LEs        ; 0 LEs                ; 40 LEs                 ; Yes        ; |fpga_matrix_8x8|key2_cnt[7]                                       ;
; 4:1                ; 1485 bits ; 2970 LEs      ; 0 LEs                ; 2970 LEs               ; Yes        ; |fpga_matrix_8x8|fpga_matrix_core_no_uart:matrix0|sum_pipe[52][10] ;
; 5:1                ; 32 bits   ; 96 LEs        ; 0 LEs                ; 96 LEs                 ; Yes        ; |fpga_matrix_8x8|fpga_matrix_core_no_uart:matrix0|cycle_count[29]  ;
; 5:1                ; 35 bits   ; 105 LEs       ; 0 LEs                ; 105 LEs                ; Yes        ; |fpga_matrix_8x8|fpga_matrix_core_no_uart:matrix0|r_k[0]           ;
; 5:1                ; 3 bits    ; 9 LEs         ; 3 LEs                ; 6 LEs                  ; Yes        ; |fpga_matrix_8x8|fpga_matrix_core_no_uart:matrix0|r_i[0]           ;
; 5:1                ; 3 bits    ; 9 LEs         ; 6 LEs                ; 3 LEs                  ; Yes        ; |fpga_matrix_8x8|fpga_matrix_core_no_uart:matrix0|a_pipe[0][1]     ;
; 5:1                ; 3 bits    ; 9 LEs         ; 6 LEs                ; 3 LEs                  ; Yes        ; |fpga_matrix_8x8|fpga_matrix_core_no_uart:matrix0|a_pipe[8][3]     ;
; 5:1                ; 3 bits    ; 9 LEs         ; 6 LEs                ; 3 LEs                  ; Yes        ; |fpga_matrix_8x8|fpga_matrix_core_no_uart:matrix0|a_pipe[16][3]    ;
; 5:1                ; 3 bits    ; 9 LEs         ; 6 LEs                ; 3 LEs                  ; Yes        ; |fpga_matrix_8x8|fpga_matrix_core_no_uart:matrix0|a_pipe[24][3]    ;
; 5:1                ; 4 bits    ; 12 LEs        ; 8 LEs                ; 4 LEs                  ; Yes        ; |fpga_matrix_8x8|fpga_matrix_core_no_uart:matrix0|b_pipe[4][3]     ;
; 5:1                ; 3 bits    ; 9 LEs         ; 6 LEs                ; 3 LEs                  ; Yes        ; |fpga_matrix_8x8|fpga_matrix_core_no_uart:matrix0|a_pipe[40][1]    ;
; 5:1                ; 3 bits    ; 9 LEs         ; 6 LEs                ; 3 LEs                  ; Yes        ; |fpga_matrix_8x8|fpga_matrix_core_no_uart:matrix0|a_pipe[48][2]    ;
; 5:1                ; 3 bits    ; 9 LEs         ; 6 LEs                ; 3 LEs                  ; Yes        ; |fpga_matrix_8x8|fpga_matrix_core_no_uart:matrix0|a_pipe[56][1]    ;
; 6:1                ; 3 bits    ; 12 LEs        ; 6 LEs                ; 6 LEs                  ; Yes        ; |fpga_matrix_8x8|fpga_matrix_core_no_uart:matrix0|r_j[0]           ;
; 6:1                ; 16 bits   ; 64 LEs        ; 0 LEs                ; 64 LEs                 ; Yes        ; |fpga_matrix_8x8|fpga_matrix_core_no_uart:matrix0|C[0][5]          ;
; 6:1                ; 16 bits   ; 64 LEs        ; 0 LEs                ; 64 LEs                 ; Yes        ; |fpga_matrix_8x8|fpga_matrix_core_no_uart:matrix0|C[1][14]         ;
; 6:1                ; 16 bits   ; 64 LEs        ; 0 LEs                ; 64 LEs                 ; Yes        ; |fpga_matrix_8x8|fpga_matrix_core_no_uart:matrix0|C[2][9]          ;
; 6:1                ; 16 bits   ; 64 LEs        ; 0 LEs                ; 64 LEs                 ; Yes        ; |fpga_matrix_8x8|fpga_matrix_core_no_uart:matrix0|C[3][9]          ;
; 6:1                ; 16 bits   ; 64 LEs        ; 0 LEs                ; 64 LEs                 ; Yes        ; |fpga_matrix_8x8|fpga_matrix_core_no_uart:matrix0|C[4][15]         ;
; 6:1                ; 16 bits   ; 64 LEs        ; 0 LEs                ; 64 LEs                 ; Yes        ; |fpga_matrix_8x8|fpga_matrix_core_no_uart:matrix0|C[5][15]         ;
; 6:1                ; 16 bits   ; 64 LEs        ; 0 LEs                ; 64 LEs                 ; Yes        ; |fpga_matrix_8x8|fpga_matrix_core_no_uart:matrix0|C[6][14]         ;
; 6:1                ; 16 bits   ; 64 LEs        ; 0 LEs                ; 64 LEs                 ; Yes        ; |fpga_matrix_8x8|fpga_matrix_core_no_uart:matrix0|C[7][0]          ;
; 6:1                ; 16 bits   ; 64 LEs        ; 0 LEs                ; 64 LEs                 ; Yes        ; |fpga_matrix_8x8|fpga_matrix_core_no_uart:matrix0|C[8][15]         ;
; 6:1                ; 16 bits   ; 64 LEs        ; 0 LEs                ; 64 LEs                 ; Yes        ; |fpga_matrix_8x8|fpga_matrix_core_no_uart:matrix0|C[9][7]          ;
; 6:1                ; 16 bits   ; 64 LEs        ; 0 LEs                ; 64 LEs                 ; Yes        ; |fpga_matrix_8x8|fpga_matrix_core_no_uart:matrix0|C[10][7]         ;
; 6:1                ; 16 bits   ; 64 LEs        ; 0 LEs                ; 64 LEs                 ; Yes        ; |fpga_matrix_8x8|fpga_matrix_core_no_uart:matrix0|C[11][6]         ;
; 6:1                ; 16 bits   ; 64 LEs        ; 0 LEs                ; 64 LEs                 ; Yes        ; |fpga_matrix_8x8|fpga_matrix_core_no_uart:matrix0|C[12][2]         ;
; 6:1                ; 16 bits   ; 64 LEs        ; 0 LEs                ; 64 LEs                 ; Yes        ; |fpga_matrix_8x8|fpga_matrix_core_no_uart:matrix0|C[13][15]        ;
; 6:1                ; 16 bits   ; 64 LEs        ; 0 LEs                ; 64 LEs                 ; Yes        ; |fpga_matrix_8x8|fpga_matrix_core_no_uart:matrix0|C[14][1]         ;
; 6:1                ; 16 bits   ; 64 LEs        ; 0 LEs                ; 64 LEs                 ; Yes        ; |fpga_matrix_8x8|fpga_matrix_core_no_uart:matrix0|C[15][6]         ;
; 6:1                ; 16 bits   ; 64 LEs        ; 0 LEs                ; 64 LEs                 ; Yes        ; |fpga_matrix_8x8|fpga_matrix_core_no_uart:matrix0|C[16][13]        ;
; 6:1                ; 16 bits   ; 64 LEs        ; 0 LEs                ; 64 LEs                 ; Yes        ; |fpga_matrix_8x8|fpga_matrix_core_no_uart:matrix0|C[17][11]        ;
; 6:1                ; 16 bits   ; 64 LEs        ; 0 LEs                ; 64 LEs                 ; Yes        ; |fpga_matrix_8x8|fpga_matrix_core_no_uart:matrix0|C[18][1]         ;
; 6:1                ; 16 bits   ; 64 LEs        ; 0 LEs                ; 64 LEs                 ; Yes        ; |fpga_matrix_8x8|fpga_matrix_core_no_uart:matrix0|C[19][4]         ;
; 6:1                ; 16 bits   ; 64 LEs        ; 0 LEs                ; 64 LEs                 ; Yes        ; |fpga_matrix_8x8|fpga_matrix_core_no_uart:matrix0|C[20][6]         ;
; 6:1                ; 16 bits   ; 64 LEs        ; 0 LEs                ; 64 LEs                 ; Yes        ; |fpga_matrix_8x8|fpga_matrix_core_no_uart:matrix0|C[21][9]         ;
; 6:1                ; 16 bits   ; 64 LEs        ; 0 LEs                ; 64 LEs                 ; Yes        ; |fpga_matrix_8x8|fpga_matrix_core_no_uart:matrix0|C[22][10]        ;
; 6:1                ; 16 bits   ; 64 LEs        ; 0 LEs                ; 64 LEs                 ; Yes        ; |fpga_matrix_8x8|fpga_matrix_core_no_uart:matrix0|C[23][3]         ;
; 6:1                ; 16 bits   ; 64 LEs        ; 0 LEs                ; 64 LEs                 ; Yes        ; |fpga_matrix_8x8|fpga_matrix_core_no_uart:matrix0|C[24][15]        ;
; 6:1                ; 16 bits   ; 64 LEs        ; 0 LEs                ; 64 LEs                 ; Yes        ; |fpga_matrix_8x8|fpga_matrix_core_no_uart:matrix0|C[25][13]        ;
; 6:1                ; 16 bits   ; 64 LEs        ; 0 LEs                ; 64 LEs                 ; Yes        ; |fpga_matrix_8x8|fpga_matrix_core_no_uart:matrix0|C[26][5]         ;
; 6:1                ; 16 bits   ; 64 LEs        ; 0 LEs                ; 64 LEs                 ; Yes        ; |fpga_matrix_8x8|fpga_matrix_core_no_uart:matrix0|C[27][8]         ;
; 6:1                ; 16 bits   ; 64 LEs        ; 0 LEs                ; 64 LEs                 ; Yes        ; |fpga_matrix_8x8|fpga_matrix_core_no_uart:matrix0|C[28][9]         ;
; 6:1                ; 16 bits   ; 64 LEs        ; 0 LEs                ; 64 LEs                 ; Yes        ; |fpga_matrix_8x8|fpga_matrix_core_no_uart:matrix0|C[29][5]         ;
; 6:1                ; 16 bits   ; 64 LEs        ; 0 LEs                ; 64 LEs                 ; Yes        ; |fpga_matrix_8x8|fpga_matrix_core_no_uart:matrix0|C[30][4]         ;
; 6:1                ; 16 bits   ; 64 LEs        ; 0 LEs                ; 64 LEs                 ; Yes        ; |fpga_matrix_8x8|fpga_matrix_core_no_uart:matrix0|C[31][7]         ;
; 6:1                ; 16 bits   ; 64 LEs        ; 0 LEs                ; 64 LEs                 ; Yes        ; |fpga_matrix_8x8|fpga_matrix_core_no_uart:matrix0|C[32][9]         ;
; 6:1                ; 16 bits   ; 64 LEs        ; 0 LEs                ; 64 LEs                 ; Yes        ; |fpga_matrix_8x8|fpga_matrix_core_no_uart:matrix0|C[33][1]         ;
; 6:1                ; 16 bits   ; 64 LEs        ; 0 LEs                ; 64 LEs                 ; Yes        ; |fpga_matrix_8x8|fpga_matrix_core_no_uart:matrix0|C[34][1]         ;
; 6:1                ; 16 bits   ; 64 LEs        ; 0 LEs                ; 64 LEs                 ; Yes        ; |fpga_matrix_8x8|fpga_matrix_core_no_uart:matrix0|C[35][9]         ;
; 6:1                ; 16 bits   ; 64 LEs        ; 0 LEs                ; 64 LEs                 ; Yes        ; |fpga_matrix_8x8|fpga_matrix_core_no_uart:matrix0|C[36][15]        ;
; 6:1                ; 16 bits   ; 64 LEs        ; 0 LEs                ; 64 LEs                 ; Yes        ; |fpga_matrix_8x8|fpga_matrix_core_no_uart:matrix0|C[37][1]         ;
; 6:1                ; 16 bits   ; 64 LEs        ; 0 LEs                ; 64 LEs                 ; Yes        ; |fpga_matrix_8x8|fpga_matrix_core_no_uart:matrix0|C[38][15]        ;
; 6:1                ; 16 bits   ; 64 LEs        ; 0 LEs                ; 64 LEs                 ; Yes        ; |fpga_matrix_8x8|fpga_matrix_core_no_uart:matrix0|C[39][13]        ;
; 6:1                ; 16 bits   ; 64 LEs        ; 0 LEs                ; 64 LEs                 ; Yes        ; |fpga_matrix_8x8|fpga_matrix_core_no_uart:matrix0|C[40][15]        ;
; 6:1                ; 16 bits   ; 64 LEs        ; 0 LEs                ; 64 LEs                 ; Yes        ; |fpga_matrix_8x8|fpga_matrix_core_no_uart:matrix0|C[41][7]         ;
; 6:1                ; 16 bits   ; 64 LEs        ; 0 LEs                ; 64 LEs                 ; Yes        ; |fpga_matrix_8x8|fpga_matrix_core_no_uart:matrix0|C[42][13]        ;
; 6:1                ; 16 bits   ; 64 LEs        ; 0 LEs                ; 64 LEs                 ; Yes        ; |fpga_matrix_8x8|fpga_matrix_core_no_uart:matrix0|C[43][13]        ;
; 6:1                ; 16 bits   ; 64 LEs        ; 0 LEs                ; 64 LEs                 ; Yes        ; |fpga_matrix_8x8|fpga_matrix_core_no_uart:matrix0|C[44][9]         ;
; 6:1                ; 16 bits   ; 64 LEs        ; 0 LEs                ; 64 LEs                 ; Yes        ; |fpga_matrix_8x8|fpga_matrix_core_no_uart:matrix0|C[45][0]         ;
; 6:1                ; 16 bits   ; 64 LEs        ; 0 LEs                ; 64 LEs                 ; Yes        ; |fpga_matrix_8x8|fpga_matrix_core_no_uart:matrix0|C[46][0]         ;
; 6:1                ; 16 bits   ; 64 LEs        ; 0 LEs                ; 64 LEs                 ; Yes        ; |fpga_matrix_8x8|fpga_matrix_core_no_uart:matrix0|C[47][0]         ;
; 6:1                ; 16 bits   ; 64 LEs        ; 0 LEs                ; 64 LEs                 ; Yes        ; |fpga_matrix_8x8|fpga_matrix_core_no_uart:matrix0|C[48][0]         ;
; 6:1                ; 16 bits   ; 64 LEs        ; 0 LEs                ; 64 LEs                 ; Yes        ; |fpga_matrix_8x8|fpga_matrix_core_no_uart:matrix0|C[49][0]         ;
; 6:1                ; 16 bits   ; 64 LEs        ; 0 LEs                ; 64 LEs                 ; Yes        ; |fpga_matrix_8x8|fpga_matrix_core_no_uart:matrix0|C[50][3]         ;
; 6:1                ; 16 bits   ; 64 LEs        ; 0 LEs                ; 64 LEs                 ; Yes        ; |fpga_matrix_8x8|fpga_matrix_core_no_uart:matrix0|C[51][3]         ;
; 6:1                ; 16 bits   ; 64 LEs        ; 0 LEs                ; 64 LEs                 ; Yes        ; |fpga_matrix_8x8|fpga_matrix_core_no_uart:matrix0|C[52][11]        ;
; 6:1                ; 16 bits   ; 64 LEs        ; 0 LEs                ; 64 LEs                 ; Yes        ; |fpga_matrix_8x8|fpga_matrix_core_no_uart:matrix0|C[53][2]         ;
; 6:1                ; 16 bits   ; 64 LEs        ; 0 LEs                ; 64 LEs                 ; Yes        ; |fpga_matrix_8x8|fpga_matrix_core_no_uart:matrix0|C[54][14]        ;
; 6:1                ; 16 bits   ; 64 LEs        ; 0 LEs                ; 64 LEs                 ; Yes        ; |fpga_matrix_8x8|fpga_matrix_core_no_uart:matrix0|C[55][4]         ;
; 6:1                ; 16 bits   ; 64 LEs        ; 0 LEs                ; 64 LEs                 ; Yes        ; |fpga_matrix_8x8|fpga_matrix_core_no_uart:matrix0|C[56][3]         ;
; 6:1                ; 16 bits   ; 64 LEs        ; 0 LEs                ; 64 LEs                 ; Yes        ; |fpga_matrix_8x8|fpga_matrix_core_no_uart:matrix0|C[57][5]         ;
; 6:1                ; 16 bits   ; 64 LEs        ; 0 LEs                ; 64 LEs                 ; Yes        ; |fpga_matrix_8x8|fpga_matrix_core_no_uart:matrix0|C[58][10]        ;
; 6:1                ; 16 bits   ; 64 LEs        ; 0 LEs                ; 64 LEs                 ; Yes        ; |fpga_matrix_8x8|fpga_matrix_core_no_uart:matrix0|C[59][10]        ;
; 6:1                ; 16 bits   ; 64 LEs        ; 0 LEs                ; 64 LEs                 ; Yes        ; |fpga_matrix_8x8|fpga_matrix_core_no_uart:matrix0|C[60][10]        ;
; 6:1                ; 16 bits   ; 64 LEs        ; 0 LEs                ; 64 LEs                 ; Yes        ; |fpga_matrix_8x8|fpga_matrix_core_no_uart:matrix0|C[61][10]        ;
; 6:1                ; 16 bits   ; 64 LEs        ; 0 LEs                ; 64 LEs                 ; Yes        ; |fpga_matrix_8x8|fpga_matrix_core_no_uart:matrix0|C[62][10]        ;
; 6:1                ; 16 bits   ; 64 LEs        ; 0 LEs                ; 64 LEs                 ; Yes        ; |fpga_matrix_8x8|fpga_matrix_core_no_uart:matrix0|C[63][10]        ;
; 12:1               ; 4 bits    ; 32 LEs        ; 24 LEs               ; 8 LEs                  ; Yes        ; |fpga_matrix_8x8|fpga_matrix_core_no_uart:matrix0|b_pipe[0][0]     ;
; 12:1               ; 3 bits    ; 24 LEs        ; 18 LEs               ; 6 LEs                  ; Yes        ; |fpga_matrix_8x8|fpga_matrix_core_no_uart:matrix0|b_pipe[4][1]     ;
; 12:1               ; 4 bits    ; 32 LEs        ; 24 LEs               ; 8 LEs                  ; Yes        ; |fpga_matrix_8x8|fpga_matrix_core_no_uart:matrix0|b_pipe[2][0]     ;
; 12:1               ; 4 bits    ; 32 LEs        ; 24 LEs               ; 8 LEs                  ; Yes        ; |fpga_matrix_8x8|fpga_matrix_core_no_uart:matrix0|b_pipe[6][1]     ;
; 12:1               ; 4 bits    ; 32 LEs        ; 24 LEs               ; 8 LEs                  ; Yes        ; |fpga_matrix_8x8|fpga_matrix_core_no_uart:matrix0|b_pipe[1][2]     ;
; 12:1               ; 4 bits    ; 32 LEs        ; 24 LEs               ; 8 LEs                  ; Yes        ; |fpga_matrix_8x8|fpga_matrix_core_no_uart:matrix0|b_pipe[3][0]     ;
; 12:1               ; 4 bits    ; 32 LEs        ; 24 LEs               ; 8 LEs                  ; Yes        ; |fpga_matrix_8x8|fpga_matrix_core_no_uart:matrix0|b_pipe[5][2]     ;
; 12:1               ; 4 bits    ; 32 LEs        ; 24 LEs               ; 8 LEs                  ; Yes        ; |fpga_matrix_8x8|fpga_matrix_core_no_uart:matrix0|b_pipe[7][3]     ;
; 3:1                ; 28 bits   ; 56 LEs        ; 56 LEs               ; 0 LEs                  ; No         ; |fpga_matrix_8x8|HEX2                                              ;
; 3:1                ; 14 bits   ; 28 LEs        ; 28 LEs               ; 0 LEs                  ; No         ; |fpga_matrix_8x8|HEX4                                              ;
; 64:1               ; 16 bits   ; 672 LEs       ; 672 LEs              ; 0 LEs                  ; No         ; |fpga_matrix_8x8|fpga_matrix_core_no_uart:matrix0|Mux9             ;
; 6:1                ; 2 bits    ; 8 LEs         ; 4 LEs                ; 4 LEs                  ; No         ; |fpga_matrix_8x8|fpga_matrix_core_no_uart:matrix0|Selector3152     ;
; 6:1                ; 2 bits    ; 8 LEs         ; 4 LEs                ; 4 LEs                  ; No         ; |fpga_matrix_8x8|fpga_matrix_core_no_uart:matrix0|Selector3153     ;
+--------------------+-----------+---------------+----------------------+------------------------+------------+--------------------------------------------------------------------+


+-------------------------------------------------------------------------------+
; Parameter Settings for User Entity Instance: fpga_matrix_core_no_uart:matrix0 ;
+----------------+-------+------------------------------------------------------+
; Parameter Name ; Value ; Type                                                 ;
+----------------+-------+------------------------------------------------------+
; IDLE           ; 0000  ; Unsigned Binary                                      ;
; REGULAR_RUN    ; 0001  ; Unsigned Binary                                      ;
; SYSTOLIC_RUN   ; 0010  ; Unsigned Binary                                      ;
; DONE           ; 0011  ; Unsigned Binary                                      ;
+----------------+-------+------------------------------------------------------+
Note: In order to hide this table in the UI and the text report file, please set the "Show Parameter Settings in Synthesis Report" option in "Analysis and Synthesis Settings -> More Settings" to "Off".


+-------------------------------------------------------------------------------------------------------------+
; Parameter Settings for Inferred Entity Instance: sevenseg_decimal_16_4digits:result_display|lpm_divide:Mod0 ;
+------------------------+----------------+-------------------------------------------------------------------+
; Parameter Name         ; Value          ; Type                                                              ;
+------------------------+----------------+-------------------------------------------------------------------+
; LPM_WIDTHN             ; 16             ; Untyped                                                           ;
; LPM_WIDTHD             ; 4              ; Untyped                                                           ;
; LPM_NREPRESENTATION    ; UNSIGNED       ; Untyped                                                           ;
; LPM_DREPRESENTATION    ; UNSIGNED       ; Untyped                                                           ;
; LPM_PIPELINE           ; 0              ; Untyped                                                           ;
; LPM_REMAINDERPOSITIVE  ; TRUE           ; Untyped                                                           ;
; MAXIMIZE_SPEED         ; 5              ; Untyped                                                           ;
; CBXI_PARAMETER         ; lpm_divide_n3m ; Untyped                                                           ;
; CARRY_CHAIN            ; MANUAL         ; Untyped                                                           ;
; OPTIMIZE_FOR_SPEED     ; 5              ; Untyped                                                           ;
; AUTO_CARRY_CHAINS      ; ON             ; AUTO_CARRY                                                        ;
; IGNORE_CARRY_BUFFERS   ; OFF            ; IGNORE_CARRY                                                      ;
; AUTO_CASCADE_CHAINS    ; ON             ; AUTO_CASCADE                                                      ;
; IGNORE_CASCADE_BUFFERS ; OFF            ; IGNORE_CASCADE                                                    ;
+------------------------+----------------+-------------------------------------------------------------------+
Note: In order to hide this table in the UI and the text report file, please set the "Show Parameter Settings in Synthesis Report" option in "Analysis and Synthesis Settings -> More Settings" to "Off".


+------------------------------------------------------------------------------------------------------------+
; Parameter Settings for Inferred Entity Instance: sevenseg_decimal_32_6digits:cycle_display|lpm_divide:Mod0 ;
+------------------------+----------------+------------------------------------------------------------------+
; Parameter Name         ; Value          ; Type                                                             ;
+------------------------+----------------+------------------------------------------------------------------+
; LPM_WIDTHN             ; 32             ; Untyped                                                          ;
; LPM_WIDTHD             ; 4              ; Untyped                                                          ;
; LPM_NREPRESENTATION    ; UNSIGNED       ; Untyped                                                          ;
; LPM_DREPRESENTATION    ; UNSIGNED       ; Untyped                                                          ;
; LPM_PIPELINE           ; 0              ; Untyped                                                          ;
; LPM_REMAINDERPOSITIVE  ; TRUE           ; Untyped                                                          ;
; MAXIMIZE_SPEED         ; 5              ; Untyped                                                          ;
; CBXI_PARAMETER         ; lpm_divide_l3m ; Untyped                                                          ;
; CARRY_CHAIN            ; MANUAL         ; Untyped                                                          ;
; OPTIMIZE_FOR_SPEED     ; 5              ; Untyped                                                          ;
; AUTO_CARRY_CHAINS      ; ON             ; AUTO_CARRY                                                       ;
; IGNORE_CARRY_BUFFERS   ; OFF            ; IGNORE_CARRY                                                     ;
; AUTO_CASCADE_CHAINS    ; ON             ; AUTO_CASCADE                                                     ;
; IGNORE_CASCADE_BUFFERS ; OFF            ; IGNORE_CASCADE                                                   ;
+------------------------+----------------+------------------------------------------------------------------+
Note: In order to hide this table in the UI and the text report file, please set the "Show Parameter Settings in Synthesis Report" option in "Analysis and Synthesis Settings -> More Settings" to "Off".


+-------------------------------------------------------------------------------------------------------------+
; Parameter Settings for Inferred Entity Instance: sevenseg_decimal_16_4digits:result_display|lpm_divide:Div0 ;
+------------------------+----------------+-------------------------------------------------------------------+
; Parameter Name         ; Value          ; Type                                                              ;
+------------------------+----------------+-------------------------------------------------------------------+
; LPM_WIDTHN             ; 16             ; Untyped                                                           ;
; LPM_WIDTHD             ; 4              ; Untyped                                                           ;
; LPM_NREPRESENTATION    ; UNSIGNED       ; Untyped                                                           ;
; LPM_DREPRESENTATION    ; UNSIGNED       ; Untyped                                                           ;
; LPM_PIPELINE           ; 0              ; Untyped                                                           ;
; LPM_REMAINDERPOSITIVE  ; TRUE           ; Untyped                                                           ;
; MAXIMIZE_SPEED         ; 5              ; Untyped                                                           ;
; CBXI_PARAMETER         ; lpm_divide_kbm ; Untyped                                                           ;
; CARRY_CHAIN            ; MANUAL         ; Untyped                                                           ;
; OPTIMIZE_FOR_SPEED     ; 5              ; Untyped                                                           ;
; AUTO_CARRY_CHAINS      ; ON             ; AUTO_CARRY                                                        ;
; IGNORE_CARRY_BUFFERS   ; OFF            ; IGNORE_CARRY                                                      ;
; AUTO_CASCADE_CHAINS    ; ON             ; AUTO_CASCADE                                                      ;
; IGNORE_CASCADE_BUFFERS ; OFF            ; IGNORE_CASCADE                                                    ;
+------------------------+----------------+-------------------------------------------------------------------+
Note: In order to hide this table in the UI and the text report file, please set the "Show Parameter Settings in Synthesis Report" option in "Analysis and Synthesis Settings -> More Settings" to "Off".


+-------------------------------------------------------------------------------------------------------------+
; Parameter Settings for Inferred Entity Instance: sevenseg_decimal_16_4digits:result_display|lpm_divide:Mod1 ;
+------------------------+----------------+-------------------------------------------------------------------+
; Parameter Name         ; Value          ; Type                                                              ;
+------------------------+----------------+-------------------------------------------------------------------+
; LPM_WIDTHN             ; 16             ; Untyped                                                           ;
; LPM_WIDTHD             ; 4              ; Untyped                                                           ;
; LPM_NREPRESENTATION    ; UNSIGNED       ; Untyped                                                           ;
; LPM_DREPRESENTATION    ; UNSIGNED       ; Untyped                                                           ;
; LPM_PIPELINE           ; 0              ; Untyped                                                           ;
; LPM_REMAINDERPOSITIVE  ; TRUE           ; Untyped                                                           ;
; MAXIMIZE_SPEED         ; 5              ; Untyped                                                           ;
; CBXI_PARAMETER         ; lpm_divide_n3m ; Untyped                                                           ;
; CARRY_CHAIN            ; MANUAL         ; Untyped                                                           ;
; OPTIMIZE_FOR_SPEED     ; 5              ; Untyped                                                           ;
; AUTO_CARRY_CHAINS      ; ON             ; AUTO_CARRY                                                        ;
; IGNORE_CARRY_BUFFERS   ; OFF            ; IGNORE_CARRY                                                      ;
; AUTO_CASCADE_CHAINS    ; ON             ; AUTO_CASCADE                                                      ;
; IGNORE_CASCADE_BUFFERS ; OFF            ; IGNORE_CASCADE                                                    ;
+------------------------+----------------+-------------------------------------------------------------------+
Note: In order to hide this table in the UI and the text report file, please set the "Show Parameter Settings in Synthesis Report" option in "Analysis and Synthesis Settings -> More Settings" to "Off".


+------------------------------------------------------------------------------------------------------------+
; Parameter Settings for Inferred Entity Instance: sevenseg_decimal_32_6digits:cycle_display|lpm_divide:Div0 ;
+------------------------+----------------+------------------------------------------------------------------+
; Parameter Name         ; Value          ; Type                                                             ;
+------------------------+----------------+------------------------------------------------------------------+
; LPM_WIDTHN             ; 32             ; Untyped                                                          ;
; LPM_WIDTHD             ; 4              ; Untyped                                                          ;
; LPM_NREPRESENTATION    ; UNSIGNED       ; Untyped                                                          ;
; LPM_DREPRESENTATION    ; UNSIGNED       ; Untyped                                                          ;
; LPM_PIPELINE           ; 0              ; Untyped                                                          ;
; LPM_REMAINDERPOSITIVE  ; TRUE           ; Untyped                                                          ;
; MAXIMIZE_SPEED         ; 5              ; Untyped                                                          ;
; CBXI_PARAMETER         ; lpm_divide_ibm ; Untyped                                                          ;
; CARRY_CHAIN            ; MANUAL         ; Untyped                                                          ;
; OPTIMIZE_FOR_SPEED     ; 5              ; Untyped                                                          ;
; AUTO_CARRY_CHAINS      ; ON             ; AUTO_CARRY                                                       ;
; IGNORE_CARRY_BUFFERS   ; OFF            ; IGNORE_CARRY                                                     ;
; AUTO_CASCADE_CHAINS    ; ON             ; AUTO_CASCADE                                                     ;
; IGNORE_CASCADE_BUFFERS ; OFF            ; IGNORE_CASCADE                                                   ;
+------------------------+----------------+------------------------------------------------------------------+
Note: In order to hide this table in the UI and the text report file, please set the "Show Parameter Settings in Synthesis Report" option in "Analysis and Synthesis Settings -> More Settings" to "Off".


+------------------------------------------------------------------------------------------------------------+
; Parameter Settings for Inferred Entity Instance: sevenseg_decimal_32_6digits:cycle_display|lpm_divide:Mod1 ;
+------------------------+----------------+------------------------------------------------------------------+
; Parameter Name         ; Value          ; Type                                                             ;
+------------------------+----------------+------------------------------------------------------------------+
; LPM_WIDTHN             ; 32             ; Untyped                                                          ;
; LPM_WIDTHD             ; 4              ; Untyped                                                          ;
; LPM_NREPRESENTATION    ; UNSIGNED       ; Untyped                                                          ;
; LPM_DREPRESENTATION    ; UNSIGNED       ; Untyped                                                          ;
; LPM_PIPELINE           ; 0              ; Untyped                                                          ;
; LPM_REMAINDERPOSITIVE  ; TRUE           ; Untyped                                                          ;
; MAXIMIZE_SPEED         ; 5              ; Untyped                                                          ;
; CBXI_PARAMETER         ; lpm_divide_l3m ; Untyped                                                          ;
; CARRY_CHAIN            ; MANUAL         ; Untyped                                                          ;
; OPTIMIZE_FOR_SPEED     ; 5              ; Untyped                                                          ;
; AUTO_CARRY_CHAINS      ; ON             ; AUTO_CARRY                                                       ;
; IGNORE_CARRY_BUFFERS   ; OFF            ; IGNORE_CARRY                                                     ;
; AUTO_CASCADE_CHAINS    ; ON             ; AUTO_CASCADE                                                     ;
; IGNORE_CASCADE_BUFFERS ; OFF            ; IGNORE_CASCADE                                                   ;
+------------------------+----------------+------------------------------------------------------------------+
Note: In order to hide this table in the UI and the text report file, please set the "Show Parameter Settings in Synthesis Report" option in "Analysis and Synthesis Settings -> More Settings" to "Off".


+-------------------------------------------------------------------------------------------------------------+
; Parameter Settings for Inferred Entity Instance: sevenseg_decimal_16_4digits:result_display|lpm_divide:Div1 ;
+------------------------+----------------+-------------------------------------------------------------------+
; Parameter Name         ; Value          ; Type                                                              ;
+------------------------+----------------+-------------------------------------------------------------------+
; LPM_WIDTHN             ; 16             ; Untyped                                                           ;
; LPM_WIDTHD             ; 7              ; Untyped                                                           ;
; LPM_NREPRESENTATION    ; UNSIGNED       ; Untyped                                                           ;
; LPM_DREPRESENTATION    ; UNSIGNED       ; Untyped                                                           ;
; LPM_PIPELINE           ; 0              ; Untyped                                                           ;
; LPM_REMAINDERPOSITIVE  ; TRUE           ; Untyped                                                           ;
; MAXIMIZE_SPEED         ; 5              ; Untyped                                                           ;
; CBXI_PARAMETER         ; lpm_divide_nbm ; Untyped                                                           ;
; CARRY_CHAIN            ; MANUAL         ; Untyped                                                           ;
; OPTIMIZE_FOR_SPEED     ; 5              ; Untyped                                                           ;
; AUTO_CARRY_CHAINS      ; ON             ; AUTO_CARRY                                                        ;
; IGNORE_CARRY_BUFFERS   ; OFF            ; IGNORE_CARRY                                                      ;
; AUTO_CASCADE_CHAINS    ; ON             ; AUTO_CASCADE                                                      ;
; IGNORE_CASCADE_BUFFERS ; OFF            ; IGNORE_CASCADE                                                    ;
+------------------------+----------------+-------------------------------------------------------------------+
Note: In order to hide this table in the UI and the text report file, please set the "Show Parameter Settings in Synthesis Report" option in "Analysis and Synthesis Settings -> More Settings" to "Off".


+-------------------------------------------------------------------------------------------------------------+
; Parameter Settings for Inferred Entity Instance: sevenseg_decimal_16_4digits:result_display|lpm_divide:Mod2 ;
+------------------------+----------------+-------------------------------------------------------------------+
; Parameter Name         ; Value          ; Type                                                              ;
+------------------------+----------------+-------------------------------------------------------------------+
; LPM_WIDTHN             ; 16             ; Untyped                                                           ;
; LPM_WIDTHD             ; 4              ; Untyped                                                           ;
; LPM_NREPRESENTATION    ; UNSIGNED       ; Untyped                                                           ;
; LPM_DREPRESENTATION    ; UNSIGNED       ; Untyped                                                           ;
; LPM_PIPELINE           ; 0              ; Untyped                                                           ;
; LPM_REMAINDERPOSITIVE  ; TRUE           ; Untyped                                                           ;
; MAXIMIZE_SPEED         ; 5              ; Untyped                                                           ;
; CBXI_PARAMETER         ; lpm_divide_n3m ; Untyped                                                           ;
; CARRY_CHAIN            ; MANUAL         ; Untyped                                                           ;
; OPTIMIZE_FOR_SPEED     ; 5              ; Untyped                                                           ;
; AUTO_CARRY_CHAINS      ; ON             ; AUTO_CARRY                                                        ;
; IGNORE_CARRY_BUFFERS   ; OFF            ; IGNORE_CARRY                                                      ;
; AUTO_CASCADE_CHAINS    ; ON             ; AUTO_CASCADE                                                      ;
; IGNORE_CASCADE_BUFFERS ; OFF            ; IGNORE_CASCADE                                                    ;
+------------------------+----------------+-------------------------------------------------------------------+
Note: In order to hide this table in the UI and the text report file, please set the "Show Parameter Settings in Synthesis Report" option in "Analysis and Synthesis Settings -> More Settings" to "Off".


+------------------------------------------------------------------------------------------------------------+
; Parameter Settings for Inferred Entity Instance: sevenseg_decimal_32_6digits:cycle_display|lpm_divide:Div1 ;
+------------------------+----------------+------------------------------------------------------------------+
; Parameter Name         ; Value          ; Type                                                             ;
+------------------------+----------------+------------------------------------------------------------------+
; LPM_WIDTHN             ; 32             ; Untyped                                                          ;
; LPM_WIDTHD             ; 7              ; Untyped                                                          ;
; LPM_NREPRESENTATION    ; UNSIGNED       ; Untyped                                                          ;
; LPM_DREPRESENTATION    ; UNSIGNED       ; Untyped                                                          ;
; LPM_PIPELINE           ; 0              ; Untyped                                                          ;
; LPM_REMAINDERPOSITIVE  ; TRUE           ; Untyped                                                          ;
; MAXIMIZE_SPEED         ; 5              ; Untyped                                                          ;
; CBXI_PARAMETER         ; lpm_divide_lbm ; Untyped                                                          ;
; CARRY_CHAIN            ; MANUAL         ; Untyped                                                          ;
; OPTIMIZE_FOR_SPEED     ; 5              ; Untyped                                                          ;
; AUTO_CARRY_CHAINS      ; ON             ; AUTO_CARRY                                                       ;
; IGNORE_CARRY_BUFFERS   ; OFF            ; IGNORE_CARRY                                                     ;
; AUTO_CASCADE_CHAINS    ; ON             ; AUTO_CASCADE                                                     ;
; IGNORE_CASCADE_BUFFERS ; OFF            ; IGNORE_CASCADE                                                   ;
+------------------------+----------------+------------------------------------------------------------------+
Note: In order to hide this table in the UI and the text report file, please set the "Show Parameter Settings in Synthesis Report" option in "Analysis and Synthesis Settings -> More Settings" to "Off".


+------------------------------------------------------------------------------------------------------------+
; Parameter Settings for Inferred Entity Instance: sevenseg_decimal_32_6digits:cycle_display|lpm_divide:Mod2 ;
+------------------------+----------------+------------------------------------------------------------------+
; Parameter Name         ; Value          ; Type                                                             ;
+------------------------+----------------+------------------------------------------------------------------+
; LPM_WIDTHN             ; 32             ; Untyped                                                          ;
; LPM_WIDTHD             ; 4              ; Untyped                                                          ;
; LPM_NREPRESENTATION    ; UNSIGNED       ; Untyped                                                          ;
; LPM_DREPRESENTATION    ; UNSIGNED       ; Untyped                                                          ;
; LPM_PIPELINE           ; 0              ; Untyped                                                          ;
; LPM_REMAINDERPOSITIVE  ; TRUE           ; Untyped                                                          ;
; MAXIMIZE_SPEED         ; 5              ; Untyped                                                          ;
; CBXI_PARAMETER         ; lpm_divide_l3m ; Untyped                                                          ;
; CARRY_CHAIN            ; MANUAL         ; Untyped                                                          ;
; OPTIMIZE_FOR_SPEED     ; 5              ; Untyped                                                          ;
; AUTO_CARRY_CHAINS      ; ON             ; AUTO_CARRY                                                       ;
; IGNORE_CARRY_BUFFERS   ; OFF            ; IGNORE_CARRY                                                     ;
; AUTO_CASCADE_CHAINS    ; ON             ; AUTO_CASCADE                                                     ;
; IGNORE_CASCADE_BUFFERS ; OFF            ; IGNORE_CASCADE                                                   ;
+------------------------+----------------+------------------------------------------------------------------+
Note: In order to hide this table in the UI and the text report file, please set the "Show Parameter Settings in Synthesis Report" option in "Analysis and Synthesis Settings -> More Settings" to "Off".


+-------------------------------------------------------------------------------------------------------------+
; Parameter Settings for Inferred Entity Instance: sevenseg_decimal_16_4digits:result_display|lpm_divide:Div2 ;
+------------------------+----------------+-------------------------------------------------------------------+
; Parameter Name         ; Value          ; Type                                                              ;
+------------------------+----------------+-------------------------------------------------------------------+
; LPM_WIDTHN             ; 16             ; Untyped                                                           ;
; LPM_WIDTHD             ; 10             ; Untyped                                                           ;
; LPM_NREPRESENTATION    ; UNSIGNED       ; Untyped                                                           ;
; LPM_DREPRESENTATION    ; UNSIGNED       ; Untyped                                                           ;
; LPM_PIPELINE           ; 0              ; Untyped                                                           ;
; LPM_REMAINDERPOSITIVE  ; TRUE           ; Untyped                                                           ;
; MAXIMIZE_SPEED         ; 5              ; Untyped                                                           ;
; CBXI_PARAMETER         ; lpm_divide_1dm ; Untyped                                                           ;
; CARRY_CHAIN            ; MANUAL         ; Untyped                                                           ;
; OPTIMIZE_FOR_SPEED     ; 5              ; Untyped                                                           ;
; AUTO_CARRY_CHAINS      ; ON             ; AUTO_CARRY                                                        ;
; IGNORE_CARRY_BUFFERS   ; OFF            ; IGNORE_CARRY                                                      ;
; AUTO_CASCADE_CHAINS    ; ON             ; AUTO_CASCADE                                                      ;
; IGNORE_CASCADE_BUFFERS ; OFF            ; IGNORE_CASCADE                                                    ;
+------------------------+----------------+-------------------------------------------------------------------+
Note: In order to hide this table in the UI and the text report file, please set the "Show Parameter Settings in Synthesis Report" option in "Analysis and Synthesis Settings -> More Settings" to "Off".


+-------------------------------------------------------------------------------------------------------------+
; Parameter Settings for Inferred Entity Instance: sevenseg_decimal_16_4digits:result_display|lpm_divide:Mod3 ;
+------------------------+----------------+-------------------------------------------------------------------+
; Parameter Name         ; Value          ; Type                                                              ;
+------------------------+----------------+-------------------------------------------------------------------+
; LPM_WIDTHN             ; 16             ; Untyped                                                           ;
; LPM_WIDTHD             ; 4              ; Untyped                                                           ;
; LPM_NREPRESENTATION    ; UNSIGNED       ; Untyped                                                           ;
; LPM_DREPRESENTATION    ; UNSIGNED       ; Untyped                                                           ;
; LPM_PIPELINE           ; 0              ; Untyped                                                           ;
; LPM_REMAINDERPOSITIVE  ; TRUE           ; Untyped                                                           ;
; MAXIMIZE_SPEED         ; 5              ; Untyped                                                           ;
; CBXI_PARAMETER         ; lpm_divide_n3m ; Untyped                                                           ;
; CARRY_CHAIN            ; MANUAL         ; Untyped                                                           ;
; OPTIMIZE_FOR_SPEED     ; 5              ; Untyped                                                           ;
; AUTO_CARRY_CHAINS      ; ON             ; AUTO_CARRY                                                        ;
; IGNORE_CARRY_BUFFERS   ; OFF            ; IGNORE_CARRY                                                      ;
; AUTO_CASCADE_CHAINS    ; ON             ; AUTO_CASCADE                                                      ;
; IGNORE_CASCADE_BUFFERS ; OFF            ; IGNORE_CASCADE                                                    ;
+------------------------+----------------+-------------------------------------------------------------------+
Note: In order to hide this table in the UI and the text report file, please set the "Show Parameter Settings in Synthesis Report" option in "Analysis and Synthesis Settings -> More Settings" to "Off".


+------------------------------------------------------------------------------------------------------------+
; Parameter Settings for Inferred Entity Instance: sevenseg_decimal_32_6digits:cycle_display|lpm_divide:Div2 ;
+------------------------+----------------+------------------------------------------------------------------+
; Parameter Name         ; Value          ; Type                                                             ;
+------------------------+----------------+------------------------------------------------------------------+
; LPM_WIDTHN             ; 32             ; Untyped                                                          ;
; LPM_WIDTHD             ; 10             ; Untyped                                                          ;
; LPM_NREPRESENTATION    ; UNSIGNED       ; Untyped                                                          ;
; LPM_DREPRESENTATION    ; UNSIGNED       ; Untyped                                                          ;
; LPM_PIPELINE           ; 0              ; Untyped                                                          ;
; LPM_REMAINDERPOSITIVE  ; TRUE           ; Untyped                                                          ;
; MAXIMIZE_SPEED         ; 5              ; Untyped                                                          ;
; CBXI_PARAMETER         ; lpm_divide_vcm ; Untyped                                                          ;
; CARRY_CHAIN            ; MANUAL         ; Untyped                                                          ;
; OPTIMIZE_FOR_SPEED     ; 5              ; Untyped                                                          ;
; AUTO_CARRY_CHAINS      ; ON             ; AUTO_CARRY                                                       ;
; IGNORE_CARRY_BUFFERS   ; OFF            ; IGNORE_CARRY                                                     ;
; AUTO_CASCADE_CHAINS    ; ON             ; AUTO_CASCADE                                                     ;
; IGNORE_CASCADE_BUFFERS ; OFF            ; IGNORE_CASCADE                                                   ;
+------------------------+----------------+------------------------------------------------------------------+
Note: In order to hide this table in the UI and the text report file, please set the "Show Parameter Settings in Synthesis Report" option in "Analysis and Synthesis Settings -> More Settings" to "Off".


+------------------------------------------------------------------------------------------------------------+
; Parameter Settings for Inferred Entity Instance: sevenseg_decimal_32_6digits:cycle_display|lpm_divide:Mod3 ;
+------------------------+----------------+------------------------------------------------------------------+
; Parameter Name         ; Value          ; Type                                                             ;
+------------------------+----------------+------------------------------------------------------------------+
; LPM_WIDTHN             ; 32             ; Untyped                                                          ;
; LPM_WIDTHD             ; 4              ; Untyped                                                          ;
; LPM_NREPRESENTATION    ; UNSIGNED       ; Untyped                                                          ;
; LPM_DREPRESENTATION    ; UNSIGNED       ; Untyped                                                          ;
; LPM_PIPELINE           ; 0              ; Untyped                                                          ;
; LPM_REMAINDERPOSITIVE  ; TRUE           ; Untyped                                                          ;
; MAXIMIZE_SPEED         ; 5              ; Untyped                                                          ;
; CBXI_PARAMETER         ; lpm_divide_l3m ; Untyped                                                          ;
; CARRY_CHAIN            ; MANUAL         ; Untyped                                                          ;
; OPTIMIZE_FOR_SPEED     ; 5              ; Untyped                                                          ;
; AUTO_CARRY_CHAINS      ; ON             ; AUTO_CARRY                                                       ;
; IGNORE_CARRY_BUFFERS   ; OFF            ; IGNORE_CARRY                                                     ;
; AUTO_CASCADE_CHAINS    ; ON             ; AUTO_CASCADE                                                     ;
; IGNORE_CASCADE_BUFFERS ; OFF            ; IGNORE_CASCADE                                                   ;
+------------------------+----------------+------------------------------------------------------------------+
Note: In order to hide this table in the UI and the text report file, please set the "Show Parameter Settings in Synthesis Report" option in "Analysis and Synthesis Settings -> More Settings" to "Off".


+------------------------------------------------------------------------------------------------------------+
; Parameter Settings for Inferred Entity Instance: sevenseg_decimal_32_6digits:cycle_display|lpm_divide:Div3 ;
+------------------------+----------------+------------------------------------------------------------------+
; Parameter Name         ; Value          ; Type                                                             ;
+------------------------+----------------+------------------------------------------------------------------+
; LPM_WIDTHN             ; 32             ; Untyped                                                          ;
; LPM_WIDTHD             ; 14             ; Untyped                                                          ;
; LPM_NREPRESENTATION    ; UNSIGNED       ; Untyped                                                          ;
; LPM_DREPRESENTATION    ; UNSIGNED       ; Untyped                                                          ;
; LPM_PIPELINE           ; 0              ; Untyped                                                          ;
; LPM_REMAINDERPOSITIVE  ; TRUE           ; Untyped                                                          ;
; MAXIMIZE_SPEED         ; 5              ; Untyped                                                          ;
; CBXI_PARAMETER         ; lpm_divide_3dm ; Untyped                                                          ;
; CARRY_CHAIN            ; MANUAL         ; Untyped                                                          ;
; OPTIMIZE_FOR_SPEED     ; 5              ; Untyped                                                          ;
; AUTO_CARRY_CHAINS      ; ON             ; AUTO_CARRY                                                       ;
; IGNORE_CARRY_BUFFERS   ; OFF            ; IGNORE_CARRY                                                     ;
; AUTO_CASCADE_CHAINS    ; ON             ; AUTO_CASCADE                                                     ;
; IGNORE_CASCADE_BUFFERS ; OFF            ; IGNORE_CASCADE                                                   ;
+------------------------+----------------+------------------------------------------------------------------+
Note: In order to hide this table in the UI and the text report file, please set the "Show Parameter Settings in Synthesis Report" option in "Analysis and Synthesis Settings -> More Settings" to "Off".


+------------------------------------------------------------------------------------------------------------+
; Parameter Settings for Inferred Entity Instance: sevenseg_decimal_32_6digits:cycle_display|lpm_divide:Mod4 ;
+------------------------+----------------+------------------------------------------------------------------+
; Parameter Name         ; Value          ; Type                                                             ;
+------------------------+----------------+------------------------------------------------------------------+
; LPM_WIDTHN             ; 32             ; Untyped                                                          ;
; LPM_WIDTHD             ; 4              ; Untyped                                                          ;
; LPM_NREPRESENTATION    ; UNSIGNED       ; Untyped                                                          ;
; LPM_DREPRESENTATION    ; UNSIGNED       ; Untyped                                                          ;
; LPM_PIPELINE           ; 0              ; Untyped                                                          ;
; LPM_REMAINDERPOSITIVE  ; TRUE           ; Untyped                                                          ;
; MAXIMIZE_SPEED         ; 5              ; Untyped                                                          ;
; CBXI_PARAMETER         ; lpm_divide_l3m ; Untyped                                                          ;
; CARRY_CHAIN            ; MANUAL         ; Untyped                                                          ;
; OPTIMIZE_FOR_SPEED     ; 5              ; Untyped                                                          ;
; AUTO_CARRY_CHAINS      ; ON             ; AUTO_CARRY                                                       ;
; IGNORE_CARRY_BUFFERS   ; OFF            ; IGNORE_CARRY                                                     ;
; AUTO_CASCADE_CHAINS    ; ON             ; AUTO_CASCADE                                                     ;
; IGNORE_CASCADE_BUFFERS ; OFF            ; IGNORE_CASCADE                                                   ;
+------------------------+----------------+------------------------------------------------------------------+
Note: In order to hide this table in the UI and the text report file, please set the "Show Parameter Settings in Synthesis Report" option in "Analysis and Synthesis Settings -> More Settings" to "Off".


+------------------------------------------------------------------------------------------------------------+
; Parameter Settings for Inferred Entity Instance: sevenseg_decimal_32_6digits:cycle_display|lpm_divide:Div4 ;
+------------------------+----------------+------------------------------------------------------------------+
; Parameter Name         ; Value          ; Type                                                             ;
+------------------------+----------------+------------------------------------------------------------------+
; LPM_WIDTHN             ; 32             ; Untyped                                                          ;
; LPM_WIDTHD             ; 17             ; Untyped                                                          ;
; LPM_NREPRESENTATION    ; UNSIGNED       ; Untyped                                                          ;
; LPM_DREPRESENTATION    ; UNSIGNED       ; Untyped                                                          ;
; LPM_PIPELINE           ; 0              ; Untyped                                                          ;
; LPM_REMAINDERPOSITIVE  ; TRUE           ; Untyped                                                          ;
; MAXIMIZE_SPEED         ; 5              ; Untyped                                                          ;
; CBXI_PARAMETER         ; lpm_divide_6dm ; Untyped                                                          ;
; CARRY_CHAIN            ; MANUAL         ; Untyped                                                          ;
; OPTIMIZE_FOR_SPEED     ; 5              ; Untyped                                                          ;
; AUTO_CARRY_CHAINS      ; ON             ; AUTO_CARRY                                                       ;
; IGNORE_CARRY_BUFFERS   ; OFF            ; IGNORE_CARRY                                                     ;
; AUTO_CASCADE_CHAINS    ; ON             ; AUTO_CASCADE                                                     ;
; IGNORE_CASCADE_BUFFERS ; OFF            ; IGNORE_CASCADE                                                   ;
+------------------------+----------------+------------------------------------------------------------------+
Note: In order to hide this table in the UI and the text report file, please set the "Show Parameter Settings in Synthesis Report" option in "Analysis and Synthesis Settings -> More Settings" to "Off".


+------------------------------------------------------------------------------------------------------------+
; Parameter Settings for Inferred Entity Instance: sevenseg_decimal_32_6digits:cycle_display|lpm_divide:Mod5 ;
+------------------------+----------------+------------------------------------------------------------------+
; Parameter Name         ; Value          ; Type                                                             ;
+------------------------+----------------+------------------------------------------------------------------+
; LPM_WIDTHN             ; 32             ; Untyped                                                          ;
; LPM_WIDTHD             ; 4              ; Untyped                                                          ;
; LPM_NREPRESENTATION    ; UNSIGNED       ; Untyped                                                          ;
; LPM_DREPRESENTATION    ; UNSIGNED       ; Untyped                                                          ;
; LPM_PIPELINE           ; 0              ; Untyped                                                          ;
; LPM_REMAINDERPOSITIVE  ; TRUE           ; Untyped                                                          ;
; MAXIMIZE_SPEED         ; 5              ; Untyped                                                          ;
; CBXI_PARAMETER         ; lpm_divide_l3m ; Untyped                                                          ;
; CARRY_CHAIN            ; MANUAL         ; Untyped                                                          ;
; OPTIMIZE_FOR_SPEED     ; 5              ; Untyped                                                          ;
; AUTO_CARRY_CHAINS      ; ON             ; AUTO_CARRY                                                       ;
; IGNORE_CARRY_BUFFERS   ; OFF            ; IGNORE_CARRY                                                     ;
; AUTO_CASCADE_CHAINS    ; ON             ; AUTO_CASCADE                                                     ;
; IGNORE_CASCADE_BUFFERS ; OFF            ; IGNORE_CASCADE                                                   ;
+------------------------+----------------+------------------------------------------------------------------+
Note: In order to hide this table in the UI and the text report file, please set the "Show Parameter Settings in Synthesis Report" option in "Analysis and Synthesis Settings -> More Settings" to "Off".


+-----------------------------------------------------------------------+
; Port Connectivity Checks: "sevenseg_decimal_32_6digits:cycle_display" ;
+-------+-------+----------+--------------------------------------------+
; Port  ; Type  ; Severity ; Details                                    ;
+-------+-------+----------+--------------------------------------------+
; blank ; Input ; Info     ; Stuck at GND                               ;
+-------+-------+----------+--------------------------------------------+


+-----------------------------------------------------+
; Post-Synthesis Netlist Statistics for Top Partition ;
+-----------------------+-----------------------------+
; Type                  ; Count                       ;
+-----------------------+-----------------------------+
; arriav_ff             ; 2672                        ;
;     CLR               ; 22                          ;
;     CLR SCLR          ; 20                          ;
;     ENA CLR           ; 29                          ;
;     ENA CLR SCLR      ; 1577                        ;
;     ENA CLR SCLR SLD  ; 1024                        ;
; arriav_lcell_comb     ; 5802                        ;
;     arith             ; 2811                        ;
;         0 data inputs ; 604                         ;
;         1 data inputs ; 354                         ;
;         2 data inputs ; 63                          ;
;         3 data inputs ; 1181                        ;
;         4 data inputs ; 609                         ;
;     extend            ; 1                           ;
;         7 data inputs ; 1                           ;
;     normal            ; 2859                        ;
;         0 data inputs ; 1                           ;
;         1 data inputs ; 4                           ;
;         2 data inputs ; 1271                        ;
;         3 data inputs ; 643                         ;
;         4 data inputs ; 374                         ;
;         5 data inputs ; 76                          ;
;         6 data inputs ; 490                         ;
;     shared            ; 131                         ;
;         0 data inputs ; 34                          ;
;         1 data inputs ; 97                          ;
; arriav_mac            ; 65                          ;
; boundary_port         ; 67                          ;
;                       ;                             ;
; Max LUT depth         ; 51.40                       ;
; Average LUT depth     ; 28.19                       ;
+-----------------------+-----------------------------+


+-------------------------------+
; Elapsed Time Per Partition    ;
+----------------+--------------+
; Partition Name ; Elapsed Time ;
+----------------+--------------+
; Top            ; 00:00:33     ;
+----------------+--------------+


+-------------------------------+
; Analysis & Synthesis Messages ;
+-------------------------------+
Info: *******************************************************************
Info: Running Quartus Prime Analysis & Synthesis
    Info: Version 17.1.0 Build 590 10/25/2017 SJ Lite Edition
    Info: Processing started: Tue May 05 21:44:49 2026
Info: Command: quartus_map --read_settings_files=on --write_settings_files=off fpga_matrix_8x8 -c fpga_matrix_8x8
Warning (18236): Number of processors has not been specified which may cause overloading on shared machines.  Set the global assignment NUM_PARALLEL_PROCESSORS in your QSF to an appropriate value for best performance.
Info (20030): Parallel compilation is enabled and will use 4 of the 4 processors detected
Warning (12125): Using design file fpga_matrix_8x8.v, which is not specified as a design file for the current project, but contains definitions for 5 design units and 5 entities in project
    Info (12023): Found entity 1: fpga_matrix_8x8 File: C:/intelFPGA_lite/17.1/HPSFPGA/fpga_matrix_8x8.v Line: 30
    Info (12023): Found entity 2: fpga_matrix_core_no_uart File: C:/intelFPGA_lite/17.1/HPSFPGA/fpga_matrix_8x8.v Line: 224
    Info (12023): Found entity 3: sevenseg_decimal_16_4digits File: C:/intelFPGA_lite/17.1/HPSFPGA/fpga_matrix_8x8.v Line: 448
    Info (12023): Found entity 4: sevenseg_decimal_32_6digits File: C:/intelFPGA_lite/17.1/HPSFPGA/fpga_matrix_8x8.v Line: 475
    Info (12023): Found entity 5: sevenseg_digit File: C:/intelFPGA_lite/17.1/HPSFPGA/fpga_matrix_8x8.v Line: 510
Info (12127): Elaborating entity "fpga_matrix_8x8" for the top level hierarchy
Info (12128): Elaborating entity "fpga_matrix_core_no_uart" for hierarchy "fpga_matrix_core_no_uart:matrix0" File: C:/intelFPGA_lite/17.1/HPSFPGA/fpga_matrix_8x8.v Line: 149
Warning (10230): Verilog HDL assignment warning at fpga_matrix_8x8.v(262): truncated value with size 32 to match size of target (6) File: C:/intelFPGA_lite/17.1/HPSFPGA/fpga_matrix_8x8.v Line: 262
Warning (10230): Verilog HDL assignment warning at fpga_matrix_8x8.v(349): truncated value with size 32 to match size of target (16) File: C:/intelFPGA_lite/17.1/HPSFPGA/fpga_matrix_8x8.v Line: 349
Warning (10230): Verilog HDL assignment warning at fpga_matrix_8x8.v(359): truncated value with size 32 to match size of target (3) File: C:/intelFPGA_lite/17.1/HPSFPGA/fpga_matrix_8x8.v Line: 359
Warning (10230): Verilog HDL assignment warning at fpga_matrix_8x8.v(361): truncated value with size 32 to match size of target (3) File: C:/intelFPGA_lite/17.1/HPSFPGA/fpga_matrix_8x8.v Line: 361
Warning (10230): Verilog HDL assignment warning at fpga_matrix_8x8.v(364): truncated value with size 32 to match size of target (3) File: C:/intelFPGA_lite/17.1/HPSFPGA/fpga_matrix_8x8.v Line: 364
Warning (10230): Verilog HDL assignment warning at fpga_matrix_8x8.v(372): truncated value with size 32 to match size of target (6) File: C:/intelFPGA_lite/17.1/HPSFPGA/fpga_matrix_8x8.v Line: 372
Info (12128): Elaborating entity "sevenseg_decimal_16_4digits" for hierarchy "sevenseg_decimal_16_4digits:result_display" File: C:/intelFPGA_lite/17.1/HPSFPGA/fpga_matrix_8x8.v Line: 184
Warning (10230): Verilog HDL assignment warning at fpga_matrix_8x8.v(462): truncated value with size 32 to match size of target (4) File: C:/intelFPGA_lite/17.1/HPSFPGA/fpga_matrix_8x8.v Line: 462
Warning (10230): Verilog HDL assignment warning at fpga_matrix_8x8.v(463): truncated value with size 32 to match size of target (4) File: C:/intelFPGA_lite/17.1/HPSFPGA/fpga_matrix_8x8.v Line: 463
Warning (10230): Verilog HDL assignment warning at fpga_matrix_8x8.v(464): truncated value with size 32 to match size of target (4) File: C:/intelFPGA_lite/17.1/HPSFPGA/fpga_matrix_8x8.v Line: 464
Warning (10230): Verilog HDL assignment warning at fpga_matrix_8x8.v(465): truncated value with size 32 to match size of target (4) File: C:/intelFPGA_lite/17.1/HPSFPGA/fpga_matrix_8x8.v Line: 465
Info (12128): Elaborating entity "sevenseg_digit" for hierarchy "sevenseg_decimal_16_4digits:result_display|sevenseg_digit:s0" File: C:/intelFPGA_lite/17.1/HPSFPGA/fpga_matrix_8x8.v Line: 467
Info (12128): Elaborating entity "sevenseg_decimal_32_6digits" for hierarchy "sevenseg_decimal_32_6digits:cycle_display" File: C:/intelFPGA_lite/17.1/HPSFPGA/fpga_matrix_8x8.v Line: 195
Warning (10230): Verilog HDL assignment warning at fpga_matrix_8x8.v(493): truncated value with size 32 to match size of target (4) File: C:/intelFPGA_lite/17.1/HPSFPGA/fpga_matrix_8x8.v Line: 493
Warning (10230): Verilog HDL assignment warning at fpga_matrix_8x8.v(494): truncated value with size 32 to match size of target (4) File: C:/intelFPGA_lite/17.1/HPSFPGA/fpga_matrix_8x8.v Line: 494
Warning (10230): Verilog HDL assignment warning at fpga_matrix_8x8.v(495): truncated value with size 32 to match size of target (4) File: C:/intelFPGA_lite/17.1/HPSFPGA/fpga_matrix_8x8.v Line: 495
Warning (10230): Verilog HDL assignment warning at fpga_matrix_8x8.v(496): truncated value with size 32 to match size of target (4) File: C:/intelFPGA_lite/17.1/HPSFPGA/fpga_matrix_8x8.v Line: 496
Warning (10230): Verilog HDL assignment warning at fpga_matrix_8x8.v(497): truncated value with size 32 to match size of target (4) File: C:/intelFPGA_lite/17.1/HPSFPGA/fpga_matrix_8x8.v Line: 497
Warning (10230): Verilog HDL assignment warning at fpga_matrix_8x8.v(498): truncated value with size 32 to match size of target (4) File: C:/intelFPGA_lite/17.1/HPSFPGA/fpga_matrix_8x8.v Line: 498
Info (278001): Inferred 18 megafunctions from design logic
    Info (278004): Inferred divider/modulo megafunction ("lpm_divide") from the following logic: "sevenseg_decimal_16_4digits:result_display|Mod0" File: C:/intelFPGA_lite/17.1/HPSFPGA/fpga_matrix_8x8.v Line: 462
    Info (278004): Inferred divider/modulo megafunction ("lpm_divide") from the following logic: "sevenseg_decimal_32_6digits:cycle_display|Mod0" File: C:/intelFPGA_lite/17.1/HPSFPGA/fpga_matrix_8x8.v Line: 493
    Info (278004): Inferred divider/modulo megafunction ("lpm_divide") from the following logic: "sevenseg_decimal_16_4digits:result_display|Div0" File: C:/intelFPGA_lite/17.1/HPSFPGA/fpga_matrix_8x8.v Line: 463
    Info (278004): Inferred divider/modulo megafunction ("lpm_divide") from the following logic: "sevenseg_decimal_16_4digits:result_display|Mod1" File: C:/intelFPGA_lite/17.1/HPSFPGA/fpga_matrix_8x8.v Line: 463
    Info (278004): Inferred divider/modulo megafunction ("lpm_divide") from the following logic: "sevenseg_decimal_32_6digits:cycle_display|Div0" File: C:/intelFPGA_lite/17.1/HPSFPGA/fpga_matrix_8x8.v Line: 494
    Info (278004): Inferred divider/modulo megafunction ("lpm_divide") from the following logic: "sevenseg_decimal_32_6digits:cycle_display|Mod1" File: C:/intelFPGA_lite/17.1/HPSFPGA/fpga_matrix_8x8.v Line: 494
    Info (278004): Inferred divider/modulo megafunction ("lpm_divide") from the following logic: "sevenseg_decimal_16_4digits:result_display|Div1" File: C:/intelFPGA_lite/17.1/HPSFPGA/fpga_matrix_8x8.v Line: 464
    Info (278004): Inferred divider/modulo megafunction ("lpm_divide") from the following logic: "sevenseg_decimal_16_4digits:result_display|Mod2" File: C:/intelFPGA_lite/17.1/HPSFPGA/fpga_matrix_8x8.v Line: 464
    Info (278004): Inferred divider/modulo megafunction ("lpm_divide") from the following logic: "sevenseg_decimal_32_6digits:cycle_display|Div1" File: C:/intelFPGA_lite/17.1/HPSFPGA/fpga_matrix_8x8.v Line: 495
    Info (278004): Inferred divider/modulo megafunction ("lpm_divide") from the following logic: "sevenseg_decimal_32_6digits:cycle_display|Mod2" File: C:/intelFPGA_lite/17.1/HPSFPGA/fpga_matrix_8x8.v Line: 495
    Info (278004): Inferred divider/modulo megafunction ("lpm_divide") from the following logic: "sevenseg_decimal_16_4digits:result_display|Div2" File: C:/intelFPGA_lite/17.1/HPSFPGA/fpga_matrix_8x8.v Line: 465
    Info (278004): Inferred divider/modulo megafunction ("lpm_divide") from the following logic: "sevenseg_decimal_16_4digits:result_display|Mod3" File: C:/intelFPGA_lite/17.1/HPSFPGA/fpga_matrix_8x8.v Line: 465
    Info (278004): Inferred divider/modulo megafunction ("lpm_divide") from the following logic: "sevenseg_decimal_32_6digits:cycle_display|Div2" File: C:/intelFPGA_lite/17.1/HPSFPGA/fpga_matrix_8x8.v Line: 496
    Info (278004): Inferred divider/modulo megafunction ("lpm_divide") from the following logic: "sevenseg_decimal_32_6digits:cycle_display|Mod3" File: C:/intelFPGA_lite/17.1/HPSFPGA/fpga_matrix_8x8.v Line: 496
    Info (278004): Inferred divider/modulo megafunction ("lpm_divide") from the following logic: "sevenseg_decimal_32_6digits:cycle_display|Div3" File: C:/intelFPGA_lite/17.1/HPSFPGA/fpga_matrix_8x8.v Line: 497
    Info (278004): Inferred divider/modulo megafunction ("lpm_divide") from the following logic: "sevenseg_decimal_32_6digits:cycle_display|Mod4" File: C:/intelFPGA_lite/17.1/HPSFPGA/fpga_matrix_8x8.v Line: 497
    Info (278004): Inferred divider/modulo megafunction ("lpm_divide") from the following logic: "sevenseg_decimal_32_6digits:cycle_display|Div4" File: C:/intelFPGA_lite/17.1/HPSFPGA/fpga_matrix_8x8.v Line: 498
    Info (278004): Inferred divider/modulo megafunction ("lpm_divide") from the following logic: "sevenseg_decimal_32_6digits:cycle_display|Mod5" File: C:/intelFPGA_lite/17.1/HPSFPGA/fpga_matrix_8x8.v Line: 498
Info (12130): Elaborated megafunction instantiation "sevenseg_decimal_16_4digits:result_display|lpm_divide:Mod0" File: C:/intelFPGA_lite/17.1/HPSFPGA/fpga_matrix_8x8.v Line: 462
Info (12133): Instantiated megafunction "sevenseg_decimal_16_4digits:result_display|lpm_divide:Mod0" with the following parameter: File: C:/intelFPGA_lite/17.1/HPSFPGA/fpga_matrix_8x8.v Line: 462
    Info (12134): Parameter "LPM_WIDTHN" = "16"
    Info (12134): Parameter "LPM_WIDTHD" = "4"
    Info (12134): Parameter "LPM_NREPRESENTATION" = "UNSIGNED"
    Info (12134): Parameter "LPM_DREPRESENTATION" = "UNSIGNED"
Info (12021): Found 1 design units, including 1 entities, in source file db/lpm_divide_n3m.tdf
    Info (12023): Found entity 1: lpm_divide_n3m File: C:/intelFPGA_lite/17.1/HPSFPGA/db/lpm_divide_n3m.tdf Line: 24
Info (12021): Found 1 design units, including 1 entities, in source file db/sign_div_unsign_qlh.tdf
    Info (12023): Found entity 1: sign_div_unsign_qlh File: C:/intelFPGA_lite/17.1/HPSFPGA/db/sign_div_unsign_qlh.tdf Line: 24
Info (12021): Found 1 design units, including 1 entities, in source file db/alt_u_div_qve.tdf
    Info (12023): Found entity 1: alt_u_div_qve File: C:/intelFPGA_lite/17.1/HPSFPGA/db/alt_u_div_qve.tdf Line: 22
Info (12130): Elaborated megafunction instantiation "sevenseg_decimal_32_6digits:cycle_display|lpm_divide:Mod0" File: C:/intelFPGA_lite/17.1/HPSFPGA/fpga_matrix_8x8.v Line: 493
Info (12133): Instantiated megafunction "sevenseg_decimal_32_6digits:cycle_display|lpm_divide:Mod0" with the following parameter: File: C:/intelFPGA_lite/17.1/HPSFPGA/fpga_matrix_8x8.v Line: 493
    Info (12134): Parameter "LPM_WIDTHN" = "32"
    Info (12134): Parameter "LPM_WIDTHD" = "4"
    Info (12134): Parameter "LPM_NREPRESENTATION" = "UNSIGNED"
    Info (12134): Parameter "LPM_DREPRESENTATION" = "UNSIGNED"
Info (12021): Found 1 design units, including 1 entities, in source file db/lpm_divide_l3m.tdf
    Info (12023): Found entity 1: lpm_divide_l3m File: C:/intelFPGA_lite/17.1/HPSFPGA/db/lpm_divide_l3m.tdf Line: 24
Info (12021): Found 1 design units, including 1 entities, in source file db/sign_div_unsign_olh.tdf
    Info (12023): Found entity 1: sign_div_unsign_olh File: C:/intelFPGA_lite/17.1/HPSFPGA/db/sign_div_unsign_olh.tdf Line: 24
Info (12021): Found 1 design units, including 1 entities, in source file db/alt_u_div_mve.tdf
    Info (12023): Found entity 1: alt_u_div_mve File: C:/intelFPGA_lite/17.1/HPSFPGA/db/alt_u_div_mve.tdf Line: 22
Info (12130): Elaborated megafunction instantiation "sevenseg_decimal_16_4digits:result_display|lpm_divide:Div0" File: C:/intelFPGA_lite/17.1/HPSFPGA/fpga_matrix_8x8.v Line: 463
Info (12133): Instantiated megafunction "sevenseg_decimal_16_4digits:result_display|lpm_divide:Div0" with the following parameter: File: C:/intelFPGA_lite/17.1/HPSFPGA/fpga_matrix_8x8.v Line: 463
    Info (12134): Parameter "LPM_WIDTHN" = "16"
    Info (12134): Parameter "LPM_WIDTHD" = "4"
    Info (12134): Parameter "LPM_NREPRESENTATION" = "UNSIGNED"
    Info (12134): Parameter "LPM_DREPRESENTATION" = "UNSIGNED"
Info (12021): Found 1 design units, including 1 entities, in source file db/lpm_divide_kbm.tdf
    Info (12023): Found entity 1: lpm_divide_kbm File: C:/intelFPGA_lite/17.1/HPSFPGA/db/lpm_divide_kbm.tdf Line: 24
Info (12130): Elaborated megafunction instantiation "sevenseg_decimal_32_6digits:cycle_display|lpm_divide:Div0" File: C:/intelFPGA_lite/17.1/HPSFPGA/fpga_matrix_8x8.v Line: 494
Info (12133): Instantiated megafunction "sevenseg_decimal_32_6digits:cycle_display|lpm_divide:Div0" with the following parameter: File: C:/intelFPGA_lite/17.1/HPSFPGA/fpga_matrix_8x8.v Line: 494
    Info (12134): Parameter "LPM_WIDTHN" = "32"
    Info (12134): Parameter "LPM_WIDTHD" = "4"
    Info (12134): Parameter "LPM_NREPRESENTATION" = "UNSIGNED"
    Info (12134): Parameter "LPM_DREPRESENTATION" = "UNSIGNED"
Info (12021): Found 1 design units, including 1 entities, in source file db/lpm_divide_ibm.tdf
    Info (12023): Found entity 1: lpm_divide_ibm File: C:/intelFPGA_lite/17.1/HPSFPGA/db/lpm_divide_ibm.tdf Line: 24
Info (12130): Elaborated megafunction instantiation "sevenseg_decimal_16_4digits:result_display|lpm_divide:Div1" File: C:/intelFPGA_lite/17.1/HPSFPGA/fpga_matrix_8x8.v Line: 464
Info (12133): Instantiated megafunction "sevenseg_decimal_16_4digits:result_display|lpm_divide:Div1" with the following parameter: File: C:/intelFPGA_lite/17.1/HPSFPGA/fpga_matrix_8x8.v Line: 464
    Info (12134): Parameter "LPM_WIDTHN" = "16"
    Info (12134): Parameter "LPM_WIDTHD" = "7"
    Info (12134): Parameter "LPM_NREPRESENTATION" = "UNSIGNED"
    Info (12134): Parameter "LPM_DREPRESENTATION" = "UNSIGNED"
Info (12021): Found 1 design units, including 1 entities, in source file db/lpm_divide_nbm.tdf
    Info (12023): Found entity 1: lpm_divide_nbm File: C:/intelFPGA_lite/17.1/HPSFPGA/db/lpm_divide_nbm.tdf Line: 24
Info (12021): Found 1 design units, including 1 entities, in source file db/sign_div_unsign_tlh.tdf
    Info (12023): Found entity 1: sign_div_unsign_tlh File: C:/intelFPGA_lite/17.1/HPSFPGA/db/sign_div_unsign_tlh.tdf Line: 24
Info (12021): Found 1 design units, including 1 entities, in source file db/alt_u_div_00f.tdf
    Info (12023): Found entity 1: alt_u_div_00f File: C:/intelFPGA_lite/17.1/HPSFPGA/db/alt_u_div_00f.tdf Line: 22
Info (12130): Elaborated megafunction instantiation "sevenseg_decimal_32_6digits:cycle_display|lpm_divide:Div1" File: C:/intelFPGA_lite/17.1/HPSFPGA/fpga_matrix_8x8.v Line: 495
Info (12133): Instantiated megafunction "sevenseg_decimal_32_6digits:cycle_display|lpm_divide:Div1" with the following parameter: File: C:/intelFPGA_lite/17.1/HPSFPGA/fpga_matrix_8x8.v Line: 495
    Info (12134): Parameter "LPM_WIDTHN" = "32"
    Info (12134): Parameter "LPM_WIDTHD" = "7"
    Info (12134): Parameter "LPM_NREPRESENTATION" = "UNSIGNED"
    Info (12134): Parameter "LPM_DREPRESENTATION" = "UNSIGNED"
Info (12021): Found 1 design units, including 1 entities, in source file db/lpm_divide_lbm.tdf
    Info (12023): Found entity 1: lpm_divide_lbm File: C:/intelFPGA_lite/17.1/HPSFPGA/db/lpm_divide_lbm.tdf Line: 24
Info (12021): Found 1 design units, including 1 entities, in source file db/sign_div_unsign_rlh.tdf
    Info (12023): Found entity 1: sign_div_unsign_rlh File: C:/intelFPGA_lite/17.1/HPSFPGA/db/sign_div_unsign_rlh.tdf Line: 24
Info (12021): Found 1 design units, including 1 entities, in source file db/alt_u_div_sve.tdf
    Info (12023): Found entity 1: alt_u_div_sve File: C:/intelFPGA_lite/17.1/HPSFPGA/db/alt_u_div_sve.tdf Line: 22
Info (12130): Elaborated megafunction instantiation "sevenseg_decimal_16_4digits:result_display|lpm_divide:Div2" File: C:/intelFPGA_lite/17.1/HPSFPGA/fpga_matrix_8x8.v Line: 465
Info (12133): Instantiated megafunction "sevenseg_decimal_16_4digits:result_display|lpm_divide:Div2" with the following parameter: File: C:/intelFPGA_lite/17.1/HPSFPGA/fpga_matrix_8x8.v Line: 465
    Info (12134): Parameter "LPM_WIDTHN" = "16"
    Info (12134): Parameter "LPM_WIDTHD" = "10"
    Info (12134): Parameter "LPM_NREPRESENTATION" = "UNSIGNED"
    Info (12134): Parameter "LPM_DREPRESENTATION" = "UNSIGNED"
Info (12021): Found 1 design units, including 1 entities, in source file db/lpm_divide_1dm.tdf
    Info (12023): Found entity 1: lpm_divide_1dm File: C:/intelFPGA_lite/17.1/HPSFPGA/db/lpm_divide_1dm.tdf Line: 24
Info (12021): Found 1 design units, including 1 entities, in source file db/sign_div_unsign_7nh.tdf
    Info (12023): Found entity 1: sign_div_unsign_7nh File: C:/intelFPGA_lite/17.1/HPSFPGA/db/sign_div_unsign_7nh.tdf Line: 24
Info (12021): Found 1 design units, including 1 entities, in source file db/alt_u_div_k2f.tdf
    Info (12023): Found entity 1: alt_u_div_k2f File: C:/intelFPGA_lite/17.1/HPSFPGA/db/alt_u_div_k2f.tdf Line: 22
Info (12130): Elaborated megafunction instantiation "sevenseg_decimal_32_6digits:cycle_display|lpm_divide:Div2" File: C:/intelFPGA_lite/17.1/HPSFPGA/fpga_matrix_8x8.v Line: 496
Info (12133): Instantiated megafunction "sevenseg_decimal_32_6digits:cycle_display|lpm_divide:Div2" with the following parameter: File: C:/intelFPGA_lite/17.1/HPSFPGA/fpga_matrix_8x8.v Line: 496
    Info (12134): Parameter "LPM_WIDTHN" = "32"
    Info (12134): Parameter "LPM_WIDTHD" = "10"
    Info (12134): Parameter "LPM_NREPRESENTATION" = "UNSIGNED"
    Info (12134): Parameter "LPM_DREPRESENTATION" = "UNSIGNED"
Info (12021): Found 1 design units, including 1 entities, in source file db/lpm_divide_vcm.tdf
    Info (12023): Found entity 1: lpm_divide_vcm File: C:/intelFPGA_lite/17.1/HPSFPGA/db/lpm_divide_vcm.tdf Line: 24
Info (12021): Found 1 design units, including 1 entities, in source file db/sign_div_unsign_5nh.tdf
    Info (12023): Found entity 1: sign_div_unsign_5nh File: C:/intelFPGA_lite/17.1/HPSFPGA/db/sign_div_unsign_5nh.tdf Line: 24
Info (12021): Found 1 design units, including 1 entities, in source file db/alt_u_div_g2f.tdf
    Info (12023): Found entity 1: alt_u_div_g2f File: C:/intelFPGA_lite/17.1/HPSFPGA/db/alt_u_div_g2f.tdf Line: 22
Info (12130): Elaborated megafunction instantiation "sevenseg_decimal_32_6digits:cycle_display|lpm_divide:Div3" File: C:/intelFPGA_lite/17.1/HPSFPGA/fpga_matrix_8x8.v Line: 497
Info (12133): Instantiated megafunction "sevenseg_decimal_32_6digits:cycle_display|lpm_divide:Div3" with the following parameter: File: C:/intelFPGA_lite/17.1/HPSFPGA/fpga_matrix_8x8.v Line: 497
    Info (12134): Parameter "LPM_WIDTHN" = "32"
    Info (12134): Parameter "LPM_WIDTHD" = "14"
    Info (12134): Parameter "LPM_NREPRESENTATION" = "UNSIGNED"
    Info (12134): Parameter "LPM_DREPRESENTATION" = "UNSIGNED"
Info (12021): Found 1 design units, including 1 entities, in source file db/lpm_divide_3dm.tdf
    Info (12023): Found entity 1: lpm_divide_3dm File: C:/intelFPGA_lite/17.1/HPSFPGA/db/lpm_divide_3dm.tdf Line: 24
Info (12021): Found 1 design units, including 1 entities, in source file db/sign_div_unsign_9nh.tdf
    Info (12023): Found entity 1: sign_div_unsign_9nh File: C:/intelFPGA_lite/17.1/HPSFPGA/db/sign_div_unsign_9nh.tdf Line: 24
Info (12021): Found 1 design units, including 1 entities, in source file db/alt_u_div_o2f.tdf
    Info (12023): Found entity 1: alt_u_div_o2f File: C:/intelFPGA_lite/17.1/HPSFPGA/db/alt_u_div_o2f.tdf Line: 22
Info (12130): Elaborated megafunction instantiation "sevenseg_decimal_32_6digits:cycle_display|lpm_divide:Div4" File: C:/intelFPGA_lite/17.1/HPSFPGA/fpga_matrix_8x8.v Line: 498
Info (12133): Instantiated megafunction "sevenseg_decimal_32_6digits:cycle_display|lpm_divide:Div4" with the following parameter: File: C:/intelFPGA_lite/17.1/HPSFPGA/fpga_matrix_8x8.v Line: 498
    Info (12134): Parameter "LPM_WIDTHN" = "32"
    Info (12134): Parameter "LPM_WIDTHD" = "17"
    Info (12134): Parameter "LPM_NREPRESENTATION" = "UNSIGNED"
    Info (12134): Parameter "LPM_DREPRESENTATION" = "UNSIGNED"
Info (12021): Found 1 design units, including 1 entities, in source file db/lpm_divide_6dm.tdf
    Info (12023): Found entity 1: lpm_divide_6dm File: C:/intelFPGA_lite/17.1/HPSFPGA/db/lpm_divide_6dm.tdf Line: 24
Info (12021): Found 1 design units, including 1 entities, in source file db/sign_div_unsign_cnh.tdf
    Info (12023): Found entity 1: sign_div_unsign_cnh File: C:/intelFPGA_lite/17.1/HPSFPGA/db/sign_div_unsign_cnh.tdf Line: 24
Info (12021): Found 1 design units, including 1 entities, in source file db/alt_u_div_u2f.tdf
    Info (12023): Found entity 1: alt_u_div_u2f File: C:/intelFPGA_lite/17.1/HPSFPGA/db/alt_u_div_u2f.tdf Line: 22
Warning (13024): Output pins are stuck at VCC or GND
    Warning (13410): Pin "LEDR[2]" is stuck at GND File: C:/intelFPGA_lite/17.1/HPSFPGA/fpga_matrix_8x8.v Line: 34
    Warning (13410): Pin "LEDR[3]" is stuck at GND File: C:/intelFPGA_lite/17.1/HPSFPGA/fpga_matrix_8x8.v Line: 34
    Warning (13410): Pin "LEDR[4]" is stuck at GND File: C:/intelFPGA_lite/17.1/HPSFPGA/fpga_matrix_8x8.v Line: 34
    Warning (13410): Pin "LEDR[5]" is stuck at GND File: C:/intelFPGA_lite/17.1/HPSFPGA/fpga_matrix_8x8.v Line: 34
    Warning (13410): Pin "LEDR[6]" is stuck at GND File: C:/intelFPGA_lite/17.1/HPSFPGA/fpga_matrix_8x8.v Line: 34
    Warning (13410): Pin "LEDR[7]" is stuck at GND File: C:/intelFPGA_lite/17.1/HPSFPGA/fpga_matrix_8x8.v Line: 34
    Warning (13410): Pin "LEDR[8]" is stuck at GND File: C:/intelFPGA_lite/17.1/HPSFPGA/fpga_matrix_8x8.v Line: 34
Info (286030): Timing-Driven Synthesis is running
Info (17049): 4 registers lost all their fanouts during netlist optimizations.
Info (16010): Generating hard_block partition "hard_block:auto_generated_inst"
    Info (16011): Adding 0 node(s), including 0 DDIO, 0 PLL, 0 transceiver and 0 LCELL
Warning (21074): Design contains 2 input pin(s) that do not drive logic
    Warning (15610): No output dependent on input pin "SW[8]" File: C:/intelFPGA_lite/17.1/HPSFPGA/fpga_matrix_8x8.v Line: 32
    Warning (15610): No output dependent on input pin "KEY[3]" File: C:/intelFPGA_lite/17.1/HPSFPGA/fpga_matrix_8x8.v Line: 33
Info (21057): Implemented 8472 device resources after synthesis - the final resource count might be different
    Info (21058): Implemented 15 input pins
    Info (21059): Implemented 52 output pins
    Info (21061): Implemented 8340 logic cells
    Info (21062): Implemented 65 DSP elements
Info: Quartus Prime Analysis & Synthesis was successful. 0 errors, 29 warnings
    Info: Peak virtual memory: 4934 megabytes
    Info: Processing ended: Tue May 05 21:45:54 2026
    Info: Elapsed time: 00:01:05
    Info: Total CPU time (on all processors): 00:01:32


